original_word,stemmer,stem,changed,collision_group,collision_size,residual_suffixes,observation
banking,porter,bank,true,banked;banking;banks,3,ing,"partially stemmed, residual 'ing'"
banks,porter,bank,true,banked;banking;banks,3,s,"partially stemmed, residual 's'"
banked,porter,bank,true,banked;banking;banks,3,ed,"partially stemmed, residual 'ed'"
inflation,porter,inflat,true,inflating;inflation,2,ion,"partially stemmed, residual 'ion'"
inflating,porter,inflat,true,inflating;inflation,2,ing,"partially stemmed, residual 'ing'"
economic,porter,econom,true,economic;economics,2,ic,"partially stemmed, residual 'ic'"
economics,porter,econom,true,economic;economics,2,ics,"partially stemmed, residual 'ics'"
economy,porter,economi,true,,1,,clean reduction
growth,porter,growth,false,,1,,unchanged (under-stemmed: inflection left in place)
growing,porter,grow,true,,1,ing,"partially stemmed, residual 'ing'"
investment,porter,invest,true,invested;investment;investments,3,ment,"partially stemmed, residual 'ment'"
invested,porter,invest,true,invested;investment;investments,3,ed,"partially stemmed, residual 'ed'"
investments,porter,invest,true,invested;investment;investments,3,ments,"partially stemmed, residual 'ments'"
regulation,porter,regul,true,regulated;regulation,2,ation,"partially stemmed, residual 'ation'"
regulated,porter,regul,true,regulated;regulation,2,ated,"partially stemmed, residual 'ated'"
lending,porter,lend,true,,1,ing,"partially stemmed, residual 'ing'"
loans,porter,loan,true,,1,s,"partially stemmed, residual 's'"
liquidity,porter,liquid,true,,1,ity,"partially stemmed, residual 'ity'"
securities,porter,secur,true,,1,ities,"partially stemmed, residual 'ities'"
exports,porter,export,true,,1,s,"partially stemmed, residual 's'"
productivity,porter,product,true,,1,ivity,"partially stemmed, residual 'ivity'"
inflation,porter,inflat,true,inflating;inflation,2,ion,"partially stemmed, residual 'ion'"
disinflation,porter,disinfl,true,,1,ation,"partially stemmed, residual 'ation'"
banking,snowball_english,bank,true,banked;banking;banks,3,ing,"partially stemmed, residual 'ing'"
banks,snowball_english,bank,true,banked;banking;banks,3,s,"partially stemmed, residual 's'"
banked,snowball_english,bank,true,banked;banking;banks,3,ed,"partially stemmed, residual 'ed'"
inflation,snowball_english,inflat,true,inflating;inflation,2,ion,"partially stemmed, residual 'ion'"
inflating,snowball_english,inflat,true,inflating;inflation,2,ing,"partially stemmed, residual 'ing'"
economic,snowball_english,econom,true,economic;economics,2,ic,"partially stemmed, residual 'ic'"
economics,snowball_english,econom,true,economic;economics,2,ics,"partially stemmed, residual 'ics'"
economy,snowball_english,economi,true,,1,,clean reduction
growth,snowball_english,growth,false,,1,,unchanged (under-stemmed: inflection left in place)
growing,snowball_english,grow,true,,1,ing,"partially stemmed, residual 'ing'"
investment,snowball_english,invest,true,invested;investment;investments,3,ment,"partially stemmed, residual 'ment'"
invested,snowball_english,invest,true,invested;investment;investments,3,ed,"partially stemmed, residual 'ed'"
investments,snowball_english,invest,true,invested;investment;investments,3,ments,"partially stemmed, residual 'ments'"
regulation,snowball_english,regul,true,regulated;regulation,2,ation,"partially stemmed, residual 'ation'"
regulated,snowball_english,regul,true,regulated;regulation,2,ated,"partially stemmed, residual 'ated'"
lending,snowball_english,lend,true,,1,ing,"partially stemmed, residual 'ing'"
loans,snowball_english,loan,true,,1,s,"partially stemmed, residual 's'"
liquidity,snowball_english,liquid,true,,1,ity,"partially stemmed, residual 'ity'"
securities,snowball_english,secur,true,,1,ities,"partially stemmed, residual 'ities'"
exports,snowball_english,export,true,,1,s,"partially stemmed, residual 's'"
productivity,snowball_english,product,true,,1,ivity,"partially stemmed, residual 'ivity'"
inflation,snowball_english,inflat,true,inflating;inflation,2,ion,"partially stemmed, residual 'ion'"
disinflation,snowball_english,disinfl,true,,1,ation,"partially stemmed, residual 'ation'"
banking,lancaster,bank,true,banked;banking;banks,3,ing,"partially stemmed, residual 'ing'"
banks,lancaster,bank,true,banked;banking;banks,3,s,"partially stemmed, residual 's'"
banked,lancaster,bank,true,banked;banking;banks,3,ed,"partially stemmed, residual 'ed'"
inflation,lancaster,infl,true,inflating;inflation,2,ation,"partially stemmed, residual 'ation'"
inflating,lancaster,infl,true,inflating;inflation,2,ating,"partially stemmed, residual 'ating'"
economic,lancaster,econom,true,economic;economics;economy,3,ic,"partially stemmed, residual 'ic'"
economics,lancaster,econom,true,economic;economics;economy,3,ics,"partially stemmed, residual 'ics'"
economy,lancaster,econom,true,economic;economics;economy,3,y,"partially stemmed, residual 'y'"
growth,lancaster,grow,true,growing;growth,2,th,"partially stemmed, residual 'th'"
growing,lancaster,grow,true,growing;growth,2,ing,"partially stemmed, residual 'ing'"
investment,lancaster,invest,true,invested;investment;investments,3,ment,"partially stemmed, residual 'ment'"
invested,lancaster,invest,true,invested;investment;investments,3,ed,"partially stemmed, residual 'ed'"
investments,lancaster,invest,true,invested;investment;investments,3,ments,"partially stemmed, residual 'ments'"
regulation,lancaster,reg,true,regulated;regulation,2,ulation,"partially stemmed, residual 'ulation'"
regulated,lancaster,reg,true,regulated;regulation,2,ulated,"partially stemmed, residual 'ulated'"
lending,lancaster,lend,true,,1,ing,"partially stemmed, residual 'ing'"
loans,lancaster,loan,true,,1,s,"partially stemmed, residual 's'"
liquidity,lancaster,liquid,true,,1,ity,"partially stemmed, residual 'ity'"
securities,lancaster,sec,true,,1,urities,"partially stemmed, residual 'urities'"
exports,lancaster,export,true,,1,s,"partially stemmed, residual 's'"
productivity,lancaster,produc,true,,1,tivity,"partially stemmed, residual 'tivity'"
inflation,lancaster,infl,true,inflating;inflation,2,ation,"partially stemmed, residual 'ation'"
disinflation,lancaster,disinfl,true,,1,ation,"partially stemmed, residual 'ation'"
