text,default_label,expected_or_interpreted_label,error_type,context,document_id,page_number,unit_id,notes
G20,ORG,COUNTRY_OR_REGION,domain_category_mismatch,"the global context , India ranked 21st worldwide and 11th within the G20 at end - December 2024 , with an external debt stock of",D04,55,D04_P055_UNKNOWN_PAR003,domain category COUNTRY_OR_REGION is not a general NER class; model label ORG is not an equivalent
Global Financial Crisis,ORG,ECONOMIC_EVENT,domain_category_mismatch,Alberto Gallo warned that the extraordinary monetary easing that followed the 2008 Global Financial Crisis — and the even more aggressive response to the pandem,D16,4,D16_P004_SEC_16_10_PAR001,domain category ECONOMIC_EVENT is not a general NER class; model label ORG is not an equivalent
INDIA,PRODUCT,COUNTRY_OR_REGION,domain_category_mismatch,"2 86 - - - - - - 4 174 37 PAN INDIA *    68 3,963    -    -    21   20,610",D26,4,D26_T001,domain category COUNTRY_OR_REGION is not a general NER class; model label PRODUCT is not an equivalent
SEBI,PERSON,FINANCIAL_INSTITUTION,wrong_general_label,Agrivet Industries Ltd. & Ors . vs. SEBI ( C.A.,D28,19,D28_P019_UNKNOWN_PAR011,'SEBI' is a domain FINANCIAL_INSTITUTION but the general model labelled it PERSON
SEBI,NOT_RECOGNISED,FINANCIAL_INSTITUTION,missed_by_general_ner," 22.64 It repeals and replaces   the Securities Contracts ( Regulation ) Act , 1956 , the SEBI Act , 1992 , and the Depositories   Act , 1996 , thereby consolid",D03,36,D03_BOX013,844 domain mentions of 'SEBI' had no general NER entity at all
GDP,NOT_RECOGNISED,ECONOMIC_INDICATOR,missed_by_general_ner,uide policymaking . This became all the more important as official estimates of quarterly GDP   growth are released two months after the end of the quarter . It,D01,18,D01_BOX003,192 domain mentions of 'GDP' had no general NER entity at all
equity,NOT_RECOGNISED,FINANCIAL_INSTRUMENT,missed_by_general_ner,"onal security and supremacy , and in the process , advancing state support , including as equity investments , into bigger industrial players , who otherwise wo",D01,7,D01_P007_SEC_1_6_PAR006,132 domain mentions of 'equity' had no general NER entity at all
inflation,NOT_RECOGNISED,ECONOMIC_INDICATOR,missed_by_general_ner,"nd trade tools , to achieve economic   objectives such as reducing deficits , controlling inflation , and promoting economic growth .   Economic statecraft goes",D01,5,D01_BOX001,117 domain mentions of 'inflation' had no general NER entity at all
India,NOT_RECOGNISED,COUNTRY_OR_REGION,missed_by_general_ner," 2025 . ( In collaboration with the Ministry of Housing and Urban Affairs , Government of India ) . 52 Lok Sabha Unstarred Question No . 2323 answered on 15 Dec",D03,29,D03_BOX011,116 domain mentions of 'India' had no general NER entity at all
world,NOT_RECOGNISED,domain entity,missed_by_general_ner,"c levels , except in Brazil and India ( Chart I.3 ) . Long - term borrowing costs for the world ’s biggest economies have stayed elevated as investors question ",D01,4,D01_P004_SEC_1_3_PAR001,114 domain mentions of 'world' had no general NER entity at all
pandemic,NOT_RECOGNISED,ECONOMIC_EVENT,missed_by_general_ner,"cord deficits of 2020 and 2021 , when substantial fiscal stimulus was used to address the pandemic impact , they are still significantly higher than pre - pande",D01,4,D01_P004_SEC_1_3_PAR001,106 domain mentions of 'pandemic' had no general NER entity at all
World,NOT_RECOGNISED,COUNTRY_OR_REGION,missed_by_general_ner,"tners have considerably lowered the US ’s effective tariff rate . According to the IMF 's World Economic Outlook ( WEO ) , October 2025 , US households and busi",D01,2,D01_P002_SEC_1_1_PAR001,67 domain mentions of 'World' had no general NER entity at all
derivatives,NOT_RECOGNISED,FINANCIAL_INSTRUMENT,missed_by_general_ner,"or risk - return performance verification ; its operationalisation is in process . In the derivatives space , electricity derivatives , starting with monthly fu",D03,43,D03_P043_SEC_3_74_PAR007,67 domain mentions of 'derivatives' had no general NER entity at all
GST,NOT_RECOGNISED,POLICY_TERM,missed_by_general_ner,"ception . This buoyancy in consumption demand can be attributed to the positive impact of GST rate rationalisation and softer inflation , improving the real pur",D01,11,D01_P011_SEC_1_11_PAR001,52 domain mentions of 'GST' had no general NER entity at all
Budget,NOT_RECOGNISED,domain entity,missed_by_general_ner," rather than constrain growth during periods of uncertainty . In this context , the Union Budget for FY22 articulated a medium - term glide path , targeting a f",D02,3,D02_P003_SEC_2_3_PAR001,50 domain mentions of 'Budget' had no general NER entity at all
options,NOT_RECOGNISED,FINANCIAL_INSTRUMENT,missed_by_general_ner," Tax Credit ( ITC ) , thereby alleviating working capital stress . Going forward , policy options such as permitting IDS refunds on capital goods and input serv",D02,11,D02_P011_UNKNOWN_PAR001,47 domain mentions of 'options' had no general NER entity at all
capital expenditure,NOT_RECOGNISED,POLICY_TERM,missed_by_general_ner," in GVA during FY26 was led by the industry and services sectors , supported by sustained capital expenditure , improved capacity utilisation , and steady deman",D01,14,D01_P014_SEC_1_16_PAR001,42 domain mentions of 'capital expenditure' had no general NER entity at all
FPI,NOT_RECOGNISED,ECONOMIC_INDICATOR,missed_by_general_ner,red to net inflows of USD 10.6 billion in the corresponding period of the previous year . FPI flows this year have been tepid due to elevated uncertainty and in,D01,28,D01_P028_SEC_1_36_PAR001,37 domain mentions of 'FPI' had no general NER entity at all
financial inclusion,NOT_RECOGNISED,POLICY_TERM,missed_by_general_ner,"put to be generated from a given set of factor inputs . While early gains were visible in financial inclusion , improved compliance , and service delivery , dee",D01,34,D01_P034_SEC_3_PAR002,36 domain mentions of 'financial inclusion' had no general NER entity at all
Equity,NOT_RECOGNISED,domain entity,missed_by_general_ner,"th structural changes   in the financial system and evolving household risk preferences . Equity investments , which   were once ancillary to household balance ",D03,39,D03_BOX015,36 domain mentions of 'Equity' had no general NER entity at all
loan,NOT_RECOGNISED,FINANCIAL_INSTRUMENT,missed_by_general_ner,"2025 . This model will leverage digitally fetched and verifiable data to enable automated loan appraisal for MSMEs , utilising objective decisioning for all loa",D03,20,D03_P020_SEC_3_38_PAR001,34 domain mentions of 'loan' had no general NER entity at all
mutual fund,NOT_RECOGNISED,FINANCIAL_INSTRUMENT,missed_by_general_ner,"k for unique investors in September 2025 , with nearly a fourth of them being women . The mutual fund industry also expanded , with 5.9 crore unique investors a",D03,39,D03_P039_SEC_3_73_PAR001,33 domain mentions of 'mutual fund' had no general NER entity at all
United States,NOT_RECOGNISED,COUNTRY_OR_REGION,missed_by_general_ner,"semiconductor manufacturing , with three of them located in the United States.5 Data centre development is also expanding rapidly , driven by growing digital de",D01,5,D01_P005_SEC_1_5_PAR002,32 domain mentions of 'United States' had no general NER entity at all
corporate bond,NOT_RECOGNISED,FINANCIAL_INSTRUMENT,missed_by_general_ner," public discussion attributes this to financial - sector frictions – relatively shallow   corporate bond markets , limited institutional investor depth , sovere",D03,46,D03_BOX019,26 domain mentions of 'corporate bond' had no general NER entity at all
futures,NOT_RECOGNISED,FINANCIAL_INSTRUMENT,missed_by_general_ner,"s in process . In the derivatives space , electricity derivatives , starting with monthly futures trading at NSE , were launched on 18 July 2025 . SEBI and the ",D03,43,D03_P043_SEC_3_74_PAR007,26 domain mentions of 'futures' had no general NER entity at all
GDP growth,NOT_RECOGNISED,ECONOMIC_INDICATOR,missed_by_general_ner,"my has maintained strong growth momentum in FY26 . The First Advance Estimates place real GDP growth at 7.4 per cent , with growth largely driven by domestic de",D01,1,D01_P001_UNKNOWN_PAR003,23 domain mentions of 'GDP growth' had no general NER entity at all
advanced economies,NOT_RECOGNISED,COUNTRY_OR_REGION,missed_by_general_ner, the short term . This is reflected in the IMF ’s projections of growth and inflation for advanced economies ( AEs ) and emerging market and developing economie,D01,2,D01_P002_SEC_1_1_PAR001,21 domain mentions of 'advanced economies' had no general NER entity at all
fiscal deficit,NOT_RECOGNISED,ECONOMIC_INDICATOR,missed_by_general_ner,craft : it primarily hinges on the allocation of expenditures and the extent to which the fiscal deficit can be expanded and financed during a geopolitical cris,D01,8,D01_P008_SEC_1_6_PAR002,21 domain mentions of 'fiscal deficit' had no general NER entity at all
High Court,NOT_RECOGNISED,REGULATORY_BODY,missed_by_general_ner,High Court compared to 313 litigations at the end of previous year ( Table 10.38 ) .,D28,19,D28_P019_UNKNOWN_PAR003,20 domain mentions of 'High Court' had no general NER entity at all
budget,NOT_RECOGNISED,POLICY_TERM,missed_by_general_ner,es have stayed elevated as investors question the ability of governments to cover massive budget deficits . These pressures are showing in elevated bond yields ,D01,4,D01_P004_SEC_1_3_PAR001,19 domain mentions of 'budget' had no general NER entity at all
Inflation,NOT_RECOGNISED,domain entity,missed_by_general_ner,"nditions , fiscal developments , external sector performance , and labour market trends . Inflation has moderated , financial sector balance sheets remain healt",D01,1,D01_P001_UNKNOWN_PAR005,18 domain mentions of 'Inflation' had no general NER entity at all
monetary policy,NOT_RECOGNISED,POLICY_TERM,missed_by_general_ner,"1.3 . Globally , the shift from aggressive monetary policy tightening to a neutral or accommodative stance is still underway . However , the aforeme",D01,3,D01_P003_SEC_1_3_PAR001,18 domain mentions of 'monetary policy' had no general NER entity at all
fiscal policy,NOT_RECOGNISED,POLICY_TERM,missed_by_general_ner,"t trends . Inflation has moderated , financial sector balance sheets remain healthy , and fiscal policy continues to strike a balance between supporting growth ",D01,1,D01_P001_UNKNOWN_PAR005,15 domain mentions of 'fiscal policy' had no general NER entity at all
CPI,NOT_RECOGNISED,ECONOMIC_INDICATOR,missed_by_general_ner,"re classified ( n.e.c . ) ” items to better capture production The Consumer Price Index ( CPI ) is being rebased to 2024 , using the latest consumption patterns",D01,23,D01_P023_SEC_1_28_PAR008,15 domain mentions of 'CPI' had no general NER entity at all
Reserve Bank of India,NOT_RECOGNISED,FINANCIAL_INSTITUTION,missed_by_general_ner,"recovery of the private corporate sector in the post - pandemic period . According to the Reserve Bank of India , aggregate corporate profits of listed companie",D02,6,D02_P006_SEC_2_9_PAR001,12 domain mentions of 'Reserve Bank of India' had no general NER entity at all
Futures,NOT_RECOGNISED,domain entity,missed_by_general_ner,"or investor protection while ensuring the orderly development and strengthening of equity Futures and Options ( F&O ) market , SEBI introduced various measures ",D22,12,D22_P012_SEC_4_3_1_PAR001,12 domain mentions of 'Futures' had no general NER entity at all
Derivatives,NOT_RECOGNISED,domain entity,missed_by_general_ner,• Derivatives on existing non - benchmark indices,D22,13,D22_P013_SEC_4_3_1_PAR008,12 domain mentions of 'Derivatives' had no general NER entity at all
fiscal consolidation,NOT_RECOGNISED,POLICY_TERM,missed_by_general_ner,"d during the year , the central government remains well on track to achieve its envisaged fiscal consolidation path , aiming to attain a fiscal deficit target o",D01,25,D01_P025_SEC_1_31_PAR001,10 domain mentions of 'fiscal consolidation' had no general NER entity at all
disinvestment,NOT_RECOGNISED,POLICY_TERM,missed_by_general_ner," Government ’s non - debt capital receipts . During FY26 ( up to 31 December 2025 ) , the disinvestment activity remained focused on market - based transactions",D02,13,D02_P013_SEC_2_21_PAR001,10 domain mentions of 'disinvestment' had no general NER entity at all
Finance Commission,NOT_RECOGNISED,GOVERNMENT_BODY,missed_by_general_ner,"tre to the States comprises the share of States in Central taxes devolved to the States , Finance Commission Grants , CSS , and other transfers . The total tran",D02,21,D02_P021_SEC_2_33_PAR001,10 domain mentions of 'Finance Commission' had no general NER entity at all
COVID-19 pandemic,NOT_RECOGNISED,ECONOMIC_EVENT,missed_by_general_ner,"nd UTs has been on an increasing trajectory in the last decade . After peaking during the COVID-19 pandemic , it experienced consolidation , culminating in a sl",D02,36,D02_P036_SEC_2_49_PAR001,10 domain mentions of 'COVID-19 pandemic' had no general NER entity at all
Supreme Court,NOT_RECOGNISED,REGULATORY_BODY,missed_by_general_ner,"lready recognised these boundaries . In Girish Ramchandra Deshpande v. CIC ( 2013 ) , the Supreme Court exempted personal records of public servants from disclo",D17,9,D17_P009_SEC_16_99_PAR007,10 domain mentions of 'Supreme Court' had no general NER entity at all
IIP,NOT_RECOGNISED,ECONOMIC_INDICATOR,missed_by_general_ner,"uggest healthy investment activity . In particular , the Index of Industrial Production ( IIP ) shows sustained strength in capital goods , while imports of cap",D01,13,D01_P013_SEC_1_13_PAR001,9 domain mentions of 'IIP' had no general NER entity at all
Mutual Fund,NOT_RECOGNISED,domain entity,missed_by_general_ner,B. Introduction of Incentive Framework for Mutual Fund Distributors : SEBI introduced an incentive structure for mutual fund distributors to enc,D23,1,D23_P001_SEC_5_1_1_PAR002,9 domain mentions of 'Mutual Fund' had no general NER entity at all
SIP,NOT_RECOGNISED,FINANCIAL_INSTRUMENT,missed_by_general_ner,"nt in FY12 to over 15.2 per cent in FY25 . This shift has coincided with a steady rise in SIP contributions , with average monthly SIP flows increasing seven ti",D03,40,D03_P040_SEC_3_73_PAR001,8 domain mentions of 'SIP' had no general NER entity at all
PFRDA,NOT_RECOGNISED,FINANCIAL_INSTITUTION,missed_by_general_ner,3.105 PFRDA has introduced several pensions and retirement schemes specifically targeting platform ( ,D03,56,D03_P056_SEC_3_99_PAR004,8 domain mentions of 'PFRDA' had no general NER entity at all
Debenture,NOT_RECOGNISED,domain entity,missed_by_general_ner,B. Strengthening the role of Debenture Trustees : To strengthen the position of debenture trustees ( DTs ) and enhance their sup,D21,16,D21_P016_SEC_3_4_PAR001,8 domain mentions of 'Debenture' had no general NER entity at all
emerging markets,NOT_RECOGNISED,domain entity,missed_by_general_ner," the financial sector has become a channel for the transmission of global shocks . Thus , emerging markets face the task of leveraging the benefits of globalise",D03,2,D03_P002_SEC_3_2_PAR001,7 domain mentions of 'emerging markets' had no general NER entity at all
Options,NOT_RECOGNISED,domain entity,missed_by_general_ner,"protection while ensuring the orderly development and strengthening of equity Futures and Options ( F&O ) market , SEBI introduced various measures to strengthe",D22,12,D22_P012_SEC_4_3_1_PAR001,7 domain mentions of 'Options' had no general NER entity at all
NABARD,NOT_RECOGNISED,FINANCIAL_INSTITUTION,missed_by_general_ner," robust demand conditions ( Table I.3 ) . Furthermore , in the November 2025 round of the NABARD Rural Economic Conditions and Sentiments Survey11 79.2 per cent",D01,11,D01_P011_SEC_1_11_PAR001,6 domain mentions of 'NABARD' had no general NER entity at all
EMDE,NOT_RECOGNISED,COUNTRY_OR_REGION,missed_by_general_ner,Jan ' 26 Apr ' 25 Jan ' 25 Oct ' 25 Jan ' 26 +0.5 AE 1.8 1.5 1.6 1.8 1.9 1.4 1.6 1.7 AE 0 EMDE 4.3 3.9 4.0 4.2 4.2 3.7 4.2 4.4 EMDE -0.5 3.3 3 3.1 3.3 3.3 2.8 3,D01,2,D01_T001,6 domain mentions of 'EMDE' had no general NER entity at all
United Kingdom,NOT_RECOGNISED,COUNTRY_OR_REGION,missed_by_general_ner,"6 per cent ) , UAE ( 10 per cent ) , Mauritius ( 9 per cent ) and the Netherlands and the United Kingdom ( 7 per cent each ) , reflecting both strategic - asset",D04,42,D04_P042_SEC_4_81_PAR002,6 domain mentions of 'United Kingdom' had no general NER entity at all
NITI Aayog,NOT_RECOGNISED,GOVERNMENT_BODY,missed_by_general_ner,e - income country group and first in the Central and Southern Asia region.35 32 Source : NITI Aayog . * The National Mission on Manufacturing ( NMM ) was annou,D08,20,D08_BOX007,6 domain mentions of 'NITI Aayog' had no general NER entity at all
sebi,NOT_RECOGNISED,domain entity,missed_by_general_ner,"dedicated website , https://investor.sebi.gov.in .",D26,3,D26_P003_SEC_8_1_3_PAR014,6 domain mentions of 'sebi' had no general NER entity at all
fiscal stimulus,NOT_RECOGNISED,POLICY_TERM,missed_by_general_ner,"generally smaller than the record deficits of 2020 and 2021 , when substantial fiscal stimulus was used to address the pandemic impact , they are still signific",D01,4,D01_P004_SEC_1_3_PAR001,5 domain mentions of 'fiscal stimulus' had no general NER entity at all
disinflation,NOT_RECOGNISED,ECONOMIC_INDICATOR,missed_by_general_ner,"6 ( April - December ) reflect a broad - based easing in price pressures , led by a sharp disinflation in food prices ( Chart I.21 ) . Headline CPI inflation de",D01,24,D01_P024_SEC_1_29_PAR001,5 domain mentions of 'disinflation' had no general NER entity at all
NPA,NOT_RECOGNISED,ECONOMIC_INDICATOR,missed_by_general_ner," sector has further strengthened its balance sheets , with gross non - performing asset ( NPA ) ratios declining to multi - decade lows of 2.2 per cent , the ha",D01,26,D01_P026_SEC_1_33_PAR001,5 domain mentions of 'NPA' had no general NER entity at all
current account deficit,NOT_RECOGNISED,ECONOMIC_INDICATOR,missed_by_general_ner,"s , underscoring their importance as a key source of external funding . As a result , the current account deficit remains moderate at 0.8 per cent of GDP in H1 ",D01,27,D01_P027_SEC_1_35_PAR001,5 domain mentions of 'current account deficit' had no general NER entity at all
GVA,NOT_RECOGNISED,ECONOMIC_INDICATOR,missed_by_general_ner,"rvices 6.9 9.9 7.2 9.9 Public Administration , Defence & Other   Services 8.9 9.7 8.9 9.9 GVA at Basic Prices 6.2 7.9 6.4 7.3 Expenditure Components ( Demand Si",D01,9,D01_T002,5 domain mentions of 'GVA' had no general NER entity at all
liquidity management,NOT_RECOGNISED,POLICY_TERM,missed_by_general_ner,"per cent in Q1 FY26 . Strategic issuance across maturities , supported by active cash and liquidity management , has helped smooth borrowing costs and limit yie",D02,35,D02_P035_SEC_2_47_PAR001,5 domain mentions of 'liquidity management' had no general NER entity at all
unemployment rate,NOT_RECOGNISED,ECONOMIC_INDICATOR,missed_by_general_ner,en accompanied by inflation remaining stubbornly above the 2 per cent target and a rising unemployment rate . While inflation in Europe is broadly trending towa,D01,3,D01_P003_SEC_1_2_PAR002,4 domain mentions of 'unemployment rate' had no general NER entity at all
sovereign bond,NOT_RECOGNISED,FINANCIAL_INSTRUMENT,missed_by_general_ner,"acknowledged and rewarded the government ’s commitment to fiscal discipline through lower sovereign bond yields , with the spread over U.S. bonds declining by m",D01,25,D01_P025_SEC_1_32_PAR001,4 domain mentions of 'sovereign bond' had no general NER entity at all
repo rate,NOT_RECOGNISED,ECONOMIC_INDICATOR,missed_by_general_ner,"the spread over U.S. bonds declining by more than half ( Chart I.22 ) . Alongside a lower repo rate , these declining",D01,25,D01_P025_SEC_1_32_PAR001,4 domain mentions of 'repo rate' had no general NER entity at all
corporate tax,NOT_RECOGNISED,POLICY_TERM,missed_by_general_ner,"fect from 22.09.2025 came as the third leg of the tripod of tax reforms , following the   corporate tax reductions of 2019 and personal income tax reforms w.e.f",D02,8,D02_BOX003,4 domain mentions of 'corporate tax' had no general NER entity at all
Capital expenditure,NOT_RECOGNISED,domain entity,missed_by_general_ner,"of GDP in FY22 to 10.9 per cent in FY25 , creating space for productive capital outlays . Capital expenditure was scaled up from an average of 1.7 per cent of G",D02,1,D02_P001_UNKNOWN_PAR004,4 domain mentions of 'Capital expenditure' had no general NER entity at all
Financial inclusion,NOT_RECOGNISED,domain entity,missed_by_general_ner,"Financial inclusion has advanced substantially through digital public infrastructure , fintech lending , and ",D03,1,D03_P001_UNKNOWN_PAR004,4 domain mentions of 'Financial inclusion' had no general NER entity at all
Ministry of Corporate Affairs,NOT_RECOGNISED,GOVERNMENT_BODY,missed_by_general_ner,"ayog Report , limitations also stem from regulatory overlaps between SEBI , RBI , and the Ministry of Corporate Affairs ( MCA ) ; extensive disclosure requireme",D03,45,D03_P045_SEC_3_81_PAR001,4 domain mentions of 'Ministry of Corporate Affairs' had no general NER entity at all
European Union,NOT_RECOGNISED,COUNTRY_OR_REGION,missed_by_general_ner,"xports and imports : 45 correspond to the global South , and 18 to the global North ( the European Union is treated as a single economy ) . Economies with a wid",D04,8,D04_P008_SEC_4_20_PAR003,4 domain mentions of 'European Union' had no general NER entity at all
FDI,NOT_RECOGNISED,ECONOMIC_INDICATOR,missed_by_general_ner,4.71 FDI inflows to developed countries ( excluding European conduit economies ) declined by 7 per,D04,32,D04_P032_SEC_4_71_PAR001,4 domain mentions of 'FDI' had no general NER entity at all
RBI,NOT_RECOGNISED,FINANCIAL_INSTITUTION,missed_by_general_ner,"mponents , UAV systems , and   defence sub - systems . This model blends State capital 63 RBI Bulletin , October 2025 : https://tinyurl.com/2d59t9vx . 64 ibid .",D08,34,D08_BOX019,4 domain mentions of 'RBI' had no general NER entity at all
debenture,NOT_RECOGNISED,FINANCIAL_INSTRUMENT,missed_by_general_ner," these standards , they have   to inform investors and , if required , by a majority   of debenture holders , they have to undertake early   redemption of the s",D21,13,D21_BOX009,4 domain mentions of 'debenture' had no general NER entity at all
Fiscal policy,NOT_RECOGNISED,domain entity,missed_by_general_ner,• Fiscal policy : Fiscal policy is inherently a form of statecraft : it primarily hinges on the allocatio,D01,8,D01_P008_SEC_1_6_PAR002,3 domain mentions of 'Fiscal policy' had no general NER entity at all
Ministry of Statistics and Programme Implementation,NOT_RECOGNISED,GOVERNMENT_BODY,missed_by_general_ner,"rowth path , as reflected in the First Advance Estimates ( FAE ) for FY26 released by the Ministry of Statistics and Programme Implementation ( MoSPI ) . These ",D01,9,D01_P009_SEC_1_8_PAR002,3 domain mentions of 'Ministry of Statistics and Programme Implementation' had no general NER entity at all
policy repo rate,NOT_RECOGNISED,ECONOMIC_INDICATOR,missed_by_general_ner, monetary support was delivered through a cumulative reduction of 125 basis points in the policy repo rate since February 2025 ( as inflationary pressures moder,D01,26,D01_P026_SEC_1_33_PAR001,3 domain mentions of 'policy repo rate' had no general NER entity at all
cash reserve ratio,NOT_RECOGNISED,POLICY_TERM,missed_by_general_ner,"nflationary pressures moderated ) , complemented by an injection of durable liquidity via cash reserve ratio cuts ( ₹ 2.5 lakh crore25 ) , open market operation",D01,26,D01_P026_SEC_1_33_PAR001,3 domain mentions of 'cash reserve ratio' had no general NER entity at all
swap,NOT_RECOGNISED,FINANCIAL_INSTRUMENT,missed_by_general_ner,"io cuts ( ₹ 2.5 lakh crore25 ) , open market operations ( ₹ 6.95 lakh crore26 ) and forex swap of around $ 25 billion . These measures have been effectively tra",D01,26,D01_P026_SEC_1_33_PAR001,3 domain mentions of 'swap' had no general NER entity at all
Corporate Tax,NOT_RECOGNISED,domain entity,missed_by_general_ner,Note : Corporate Tax and Personal Income Tax include surcharges and cesses .,D02,5,D02_P005_UNKNOWN_PAR001,3 domain mentions of 'Corporate Tax' had no general NER entity at all
customs duty,NOT_RECOGNISED,POLICY_TERM,missed_by_general_ner,"2.12 At the same time , the moderate buoyancy of 0.4 in customs duty collections during the post - pandemic period reflects calibrated reductions in basic cus",D02,7,D02_P007_SEC_2_12_PAR001,3 domain mentions of 'customs duty' had no general NER entity at all
SBI,NOT_RECOGNISED,FINANCIAL_INSTITUTION,missed_by_general_ner,"“ Contribution of Unpaid Women in GDP , ” SBI Research – Ecowrap , 60 : 5 .",D02,29,D02_P029_UNKNOWN_PAR007,3 domain mentions of 'SBI' had no general NER entity at all
Loan,NOT_RECOGNISED,domain entity,missed_by_general_ner,t yet adequately reflected in State borrowing costs . Evidence from the State Development Loan ( SDL ) market44 indicates that SDLs are predominantly held by do,D02,36,D02_P036_SEC_2_50_PAR001,3 domain mentions of 'Loan' had no general NER entity at all
Monetary Policy,NOT_RECOGNISED,domain entity,missed_by_general_ner,"ermediation channels . In response to moderating inflation , the Reserve Bank of India 's Monetary Policy Committee reduced the repo rate , while injecting dura",D03,1,D03_P001_UNKNOWN_PAR002,3 domain mentions of 'Monetary Policy' had no general NER entity at all
GNPA,NOT_RECOGNISED,ECONOMIC_INDICATOR,missed_by_general_ner,"erved in the asset quality of SCBs , as evidenced by their gross non - performing asset ( GNPA ) ratio and net NPA ratio , having reached a multi - decadal low ",D03,13,D03_P013_SEC_3_20_PAR001,3 domain mentions of 'GNPA' had no general NER entity at all
priority sector lending,NOT_RECOGNISED,FINANCIAL_INSTRUMENT,missed_by_general_ner, cent at the end of FY25 . It is also noteworthy that RRBs have consistently exceeded the priority sector lending target of 75 per cent of their adjusted net ba,D03,19,D03_P019_SEC_3_35_PAR001,3 domain mentions of 'priority sector lending' had no general NER entity at all
current account balance,NOT_RECOGNISED,ECONOMIC_INDICATOR,missed_by_general_ner,"To empirically capture the structural relationship between the current account balance ( CAB ) and long - term interest rates , a panel data estimation is perfo",D03,47,D03_P047_SEC_3_85_PAR004,3 domain mentions of 'current account balance' had no general NER entity at all
INDIA,NOT_RECOGNISED,domain entity,missed_by_general_ner,"IRONMENT AND CLIMATE CHANGE : BUILDING A RESILIENT , COMPETITIVE AND DEVELOPMENT - DRIVEN INDIA",D10,1,D10_P001_UNKNOWN_PAR001,3 domain mentions of 'INDIA' had no general NER entity at all
G7,NOT_RECOGNISED,COUNTRY_OR_REGION,missed_by_general_ner,"ts , emphasising sustainability , traceability , and governance . Initiatives such as the G7 Roadmap to Promote Standards - Based Markets for Critical Minerals6",D10,20,D10_P020_SEC_10_47_PAR001,3 domain mentions of 'G7' had no general NER entity at all
BRICS,NOT_RECOGNISED,COUNTRY_OR_REGION,missed_by_general_ner,"ovation or rural - immersion labs , can be bundled with tourism circuits and tailored for BRICS and wider Global South partners . Promoting reciprocal student m",D11,23,D11_P023_SEC_11_34_PAR004,3 domain mentions of 'BRICS' had no general NER entity at all
Cabinet Secretariat,NOT_RECOGNISED,GOVERNMENT_BODY,missed_by_general_ner," with Chief Secretaries , senior officers , and industry associations . Officers from the Cabinet Secretariat , DPIIT , Ministry of MSME , and NITI Aayog formed",D17,29,D17_P029_UNKNOWN_PAR005,3 domain mentions of 'Cabinet Secretariat' had no general NER entity at all
Fiscal deficit,NOT_RECOGNISED,domain entity,missed_by_general_ner,"targeted at 1.5 % of GDP . This is similar to the revised estimate of 1.5 % in 2025- 26 . Fiscal deficit in 2026 - 27 is targeted at 4.3 % of GDP , lower than t",D19,1,D19_P001_UNKNOWN_PAR004,3 domain mentions of 'Fiscal deficit' had no general NER entity at all
repo,NOT_RECOGNISED,FINANCIAL_INSTRUMENT,missed_by_general_ner,"an LPCC , functioning as a central counterparty for tri - party repo trades in corporate debt securities . During 2025 - 26 , the average monthly trading volu",D22,11,D22_P011_SEC_4_2_2_PAR005,3 domain mentions of 'repo' had no general NER entity at all
Repo,NOT_RECOGNISED,domain entity,missed_by_general_ner,D. Limited Purpose Clearing Corporation ( LPCC ): AMC Repo Clearing Limited ( ARCL ) serves as,D22,11,D22_P011_SEC_4_2_2_PAR007,3 domain mentions of 'Repo' had no general NER entity at all
Covid-19 pandemic,NOT_RECOGNISED,domain entity,missed_by_general_ner,The Covid-19 pandemic necessitated multiple lockdowns to prevent the spread of the virus   in India . While the,D01,18,D01_BOX003,2 domain mentions of 'Covid-19 pandemic' had no general NER entity at all
Japan,NOT_RECOGNISED,COUNTRY_OR_REGION,missed_by_general_ner,"n the Japanese economy remains moderate , while inflation continues to exceed the Bank of Japan ’s ( BOJ ) target of 2 per cent .",D01,3,D01_P003_SEC_1_2_PAR002,2 domain mentions of 'Japan' had no general NER entity at all
deflation,NOT_RECOGNISED,ECONOMIC_INDICATOR,missed_by_general_ner,"• Use of single extrapolation and double deflation , wherever feasible , with deflators applied at more disaggregated levels",D01,22,D01_P022_SEC_1_28_PAR015,2 domain mentions of 'deflation' had no general NER entity at all
Capital Expenditure,NOT_RECOGNISED,domain entity,missed_by_general_ner,"r revenue deficit , the central government , through its Special Assistance to States for Capital Expenditure / Investment ( SASCI ) , has successfully incentiv",D01,25,D01_P025_SEC_1_31_PAR001,2 domain mentions of 'Capital Expenditure' had no general NER entity at all
taper tantrum,NOT_RECOGNISED,ECONOMIC_EVENT,missed_by_general_ner,"rt orientation.16 The study period encompasses several significant shocks , including the taper tantrum ( 2013 ) , the twin balance sheet crisis ( 2016–2018 ) ,",D03,6,D03_P006_SEC_3_8_PAR001,2 domain mentions of 'taper tantrum' had no general NER entity at all
Monetary policy,NOT_RECOGNISED,domain entity,missed_by_general_ner,3.17 Monetary policy transmission to lending and deposit rates of scheduled commercial banks ( SCBs ) has been,D03,12,D03_P012_SEC_3_17_PAR001,2 domain mentions of 'Monetary policy' had no general NER entity at all
Insolvency and Bankruptcy,NOT_RECOGNISED,domain entity,missed_by_general_ner,"nd further to 1.3 per cent in FY26 , as of September 2025 . The recovery rate through the Insolvency and Bankruptcy Code , 2016 ( IBC / Code ) has improved from",D03,14,D03_P014_SEC_3_22_PAR001,2 domain mentions of 'Insolvency and Bankruptcy' had no general NER entity at all
IRDAI,NOT_RECOGNISED,FINANCIAL_INSTITUTION,missed_by_general_ner,"ously dispersed across RBI , SEBI , Insurance Regulatory Development Authority of India ( IRDAI ) , and Pension Fund Regulatory and Development Authority ( PFRD",D03,53,D03_P053_SEC_3_94_PAR001,2 domain mentions of 'IRDAI' had no general NER entity at all
Balance of Payments,NOT_RECOGNISED,domain entity,missed_by_general_ner,"the diversification of the country ’s export destinations . Section III presents India ’s Balance of Payments ( BoP ) situation , highlighting current and capit",D04,2,D04_P002_SEC_4_5_PAR001,2 domain mentions of 'Balance of Payments' had no general NER entity at all
global financial crisis,NOT_RECOGNISED,domain entity,missed_by_general_ner," attracts substantial foreign investment , episodes of sharp outflows , such as after the global financial crisis , during the 2013 ‘ taper tantrum ’ , the 2018",D04,43,D04_P043_SEC_4_82_PAR001,2 domain mentions of 'global financial crisis' had no general NER entity at all
Russia,NOT_RECOGNISED,COUNTRY_OR_REGION,missed_by_general_ner,"to 2.1 per cent this year , driven largely by easing energy and food prices , despite the Russia- Ukraine war raging in Europe . On the other hand , headline in",D05,2,D05_P002_SEC_5_2_PAR001,2 domain mentions of 'Russia' had no general NER entity at all
per capita income,NOT_RECOGNISED,ECONOMIC_INDICATOR,missed_by_general_ner,"development , India has experienced service- led growth at a significantly lower level of per capita income .",D07,2,D07_P002_SEC_7_2_PAR001,2 domain mentions of 'per capita income' had no general NER entity at all
Priority Sector Lending,NOT_RECOGNISED,domain entity,missed_by_general_ner,"75 Reserve Bank of India ( RBI ) , Master Directions – Priority Sector Lending – Targets and Classification , 2025 , FIDD.CO.PSD.BC.13/04.09.001/2024 - 25 ( Mar",D08,39,D08_P039_SEC_8_66_PAR004,2 domain mentions of 'Priority Sector Lending' had no general NER entity at all
China,NOT_RECOGNISED,COUNTRY_OR_REGION,missed_by_general_ner," European Union Emissions Trading   System , the Korea Emissions Trading Scheme , and the China National ETS represent three   of the world ’s major emissions t",D10,23,D10_BOX009,2 domain mentions of 'China' had no general NER entity at all
CCI,NOT_RECOGNISED,REGULATORY_BODY,missed_by_general_ner," . Under the Competition ( Amendment ) Act , 2023 , the Competition Commission of India ( CCI ) now operates with shorter statutory review timelines for mergers",D17,19,D17_P019_UNKNOWN_PAR005,2 domain mentions of 'CCI' had no general NER entity at all
Fiscal Deficit,NOT_RECOGNISED,domain entity,missed_by_general_ner,Fiscal Deficit : Budgeted vs Actual ( as % of GDP ),D19,8,D19_P008_UNKNOWN_PAR005,2 domain mentions of 'Fiscal Deficit' had no general NER entity at all
Corporate Bond,NOT_RECOGNISED,domain entity,missed_by_general_ner,"SEBI will continue to engage with the stakeholders to support the development of India ’s Corporate Bond , Municipal Bond and REIT / InvIT markets .",D21,12,D21_P012_UNKNOWN_PAR003,2 domain mentions of 'Corporate Bond' had no general NER entity at all
EPFO,NOT_RECOGNISED,FINANCIAL_INSTITUTION,missed_by_general_ner,"Coinvest- cretionary Advisory Coinvest- Non - Dis- Ended tionary Discre- ment Total ary ( EPFO/ ary ( Non ment Total tionary PFs ) EPFO / PFs ) 2024 - 25 1,91,0",D23,15,D23_T020,2 domain mentions of 'EPFO' had no general NER entity at all
Ministry of Finance,NOT_RECOGNISED,GOVERNMENT_BODY,missed_by_general_ner," and Secretary ( with effect   from July 01 , 2025 ) , Department of Economic   Affairs , Ministry of Finance , Government of India   was nominated as Member on",D31,1,D31_T001,2 domain mentions of 'Ministry of Finance' had no general NER entity at all
potential GDP,NOT_RECOGNISED,ECONOMIC_INDICATOR,missed_by_general_ner,"ovements in capital accumulation , labour input and trend TFP generate an upward shift in potential GDP growth from 6.5 per cent to around 7 per cent over the m",D01,34,D01_P034_SEC_3_PAR003,1 domain mentions of 'potential GDP' had no general NER entity at all
Corporate tax,NOT_RECOGNISED,domain entity,missed_by_general_ner,"2.9 Corporate tax collections also recorded an average buoyancy close to unity during FY23- FY25 , broadly ",D02,6,D02_P006_SEC_2_9_PAR001,1 domain mentions of 'Corporate tax' had no general NER entity at all
election,NOT_RECOGNISED,ECONOMIC_EVENT,missed_by_general_ner,"ith the trends in FY24 ( FY25 had a lower expenditure rate in the first half as it was an election year ) . On the other hand , revenue expenditure grew by only",D02,19,D02_P019_SEC_2_31_PAR001,1 domain mentions of 'election' had no general NER entity at all
output gap,NOT_RECOGNISED,ECONOMIC_INDICATOR,missed_by_general_ner," a primary deficit . ‘ dt-1 ’ is the debt - GDP ratio lagged one period . ‘ yvar ’ is the output gap and ‘ gvar ’ is the government spending gap , estimated usi",D02,39,D02_P039_UNKNOWN_PAR002,1 domain mentions of 'output gap' had no general NER entity at all
open market operations,NOT_RECOGNISED,POLICY_TERM,missed_by_general_ner,"ced the repo rate , while injecting durable liquidity through cash reserve ratio cuts and open market operations . These measures have been effectively transmit",D03,1,D03_P001_UNKNOWN_PAR002,1 domain mentions of 'open market operations' had no general NER entity at all
CRR,NOT_RECOGNISED,ECONOMIC_INDICATOR,missed_by_general_ner,"e liquidity conditions , since adjusted for the first - round impact of the change in the CRR,24 the M0 growth stood at 9.4 per cent , compared to 6.2 per cent ",D03,9,D03_P009_SEC_3_12_PAR001,1 domain mentions of 'CRR' had no general NER entity at all
reverse repo,NOT_RECOGNISED,FINANCIAL_INSTRUMENT,missed_by_general_ner,"e ratio of M3 to M0 , stood at 6.21 vis - à - vis 5.70 a year ago . When adjusted for the reverse repo / standing deposit facility ( SDF ) , which is analytical",D03,10,D03_P010_SEC_3_14_PAR001,1 domain mentions of 'reverse repo' had no general NER entity at all
standing deposit facility,NOT_RECOGNISED,POLICY_TERM,missed_by_general_ner,"o M0 , stood at 6.21 vis - à - vis 5.70 a year ago . When adjusted for the reverse repo / standing deposit facility ( SDF ) , which is analytically akin to bank",D03,10,D03_P010_SEC_3_14_PAR001,1 domain mentions of 'standing deposit facility' had no general NER entity at all
Open Market Operations,NOT_RECOGNISED,domain entity,missed_by_general_ner,"100 - bps cut , the RBI also injected durable liquidity of ₹ 2.39 lakh crore through nine Open Market Operations ( OMO ) purchases during April - May 2025 . Fur",D03,11,D03_P011_SEC_3_15_PAR001,1 domain mentions of 'Open Market Operations' had no general NER entity at all
Niti Aayog,NOT_RECOGNISED,domain entity,missed_by_general_ner,"3.81 As noted by the Niti Aayog Report , limitations also stem from regulatory overlaps between SEBI , RBI , and the Mini",D03,45,D03_P045_SEC_3_81_PAR001,1 domain mentions of 'Niti Aayog' had no general NER entity at all
Corporate bond,NOT_RECOGNISED,domain entity,missed_by_general_ner,"To finance sustained growth , India must strengthen long - term capital markets . Corporate bond markets remain shallow and illiquid , dominated by top - rated ",D03,65,D03_P065_UNKNOWN_PAR003,1 domain mentions of 'Corporate bond' had no general NER entity at all
Current Account Balance,NOT_RECOGNISED,domain entity,missed_by_general_ner,Independent Variable Co - efficient Current Account Balance -2.8 bps * * Government Debt +0.6 bps * * * Financial depth -1.08 bps * * * GDP growth 0.,D03,48,D03_T001,1 domain mentions of 'Current Account Balance' had no general NER entity at all
Ministry of Commerce and Industry,NOT_RECOGNISED,GOVERNMENT_BODY,missed_by_general_ner,"ss . Source : As per information from Department of Commerce and PIB Press release of the Ministry of Commerce and Industry dated 26 September , 2025 : https://",D04,15,D04_P015_SEC_4_40_PAR003,1 domain mentions of 'Ministry of Commerce and Industry' had no general NER entity at all
CAD,NOT_RECOGNISED,ECONOMIC_INDICATOR,missed_by_general_ner,"rade surpluses in high - value manufacturing and related sectors.68,69 Comparing India ’s CAD with that of other countries in Q2 FY26 , India 's modest deficit ",D04,28,D04_P028_SEC_4_62_PAR001,1 domain mentions of 'CAD' had no general NER entity at all
INFLATION,NOT_RECOGNISED,domain entity,missed_by_general_ner,INFLATION : TAMED AND ANCHORED,D05,1,D05_P001_UNKNOWN_PAR001,1 domain mentions of 'INFLATION' had no general NER entity at all
Euro Area,NOT_RECOGNISED,domain entity,missed_by_general_ner,"e current year , with cumulative cuts ranging from 75 to 100 basis points in the UK , the Euro Area , and the United States.1 The Reserve Bank of India , during",D05,3,D05_P003_SEC_5_3_PAR001,1 domain mentions of 'Euro Area' had no general NER entity at all
WPI,NOT_RECOGNISED,ECONOMIC_INDICATOR,missed_by_general_ner,"price for producers , as measured by the Wholesale Price Index ( WPI)-based inflation , has consistently been lower than CPI inflation in these years and has ",D05,6,D05_P006_SEC_5_8_PAR001,1 domain mentions of 'WPI' had no general NER entity at all
Disinflation,NOT_RECOGNISED,domain entity,missed_by_general_ner,Drivers of Food Disinflation,D05,8,D05_P008_SEC_5_11_PAR002,1 domain mentions of 'Disinflation' had no general NER entity at all
Priority Sector,NOT_RECOGNISED,domain entity,missed_by_general_ner,"s , traders , and personal networks . Key frameworks , such as the Lead Bank Scheme72 and Priority Sector Lending73 , aim to ensure timely and targeted credit d",D06,17,D06_P017_SEC_6_23_PAR001,1 domain mentions of 'Priority Sector' had no general NER entity at all
Central Board of Direct Taxes,NOT_RECOGNISED,REGULATORY_BODY,missed_by_general_ner,"o enhance accuracy under NFSA , inter - database integration across platforms such as the Central Board of Direct Taxes , Goods and Services Tax Network , PM - ",D06,31,D06_P031_SEC_6_54_PAR003,1 domain mentions of 'Central Board of Direct Taxes' had no general NER entity at all
commercial paper,NOT_RECOGNISED,FINANCIAL_INSTRUMENT,missed_by_general_ner, due to the large corporations increasingly relying on market - based instruments such as commercial paper and corporate bonds for their funding requirements’.6,D08,5,D08_P005_SEC_8_13_PAR001,1 domain mentions of 'commercial paper' had no general NER entity at all
Customs Duty,NOT_RECOGNISED,domain entity,missed_by_general_ner,"er ( QCO ) for Toys was issued in 2020 w.e.f 01.01.2021 , along with an increase in Basic Customs Duty ( from 20 per cent to 60 per cent in Feb 2020 , and subse",D08,28,D08_P028_SEC_8_52_PAR001,1 domain mentions of 'Customs Duty' had no general NER entity at all
PPI,NOT_RECOGNISED,ECONOMIC_INDICATOR,missed_by_general_ner,"try/ department , and the CEO of NITI Aayog . 6 Private Participation in Infrastructure ( PPI ) Annual Report ( 2024 ) , World Bank available at https://tinyurl",D09,6,D09_BOX003,1 domain mentions of 'PPI' had no general NER entity at all
Budget announcement,NOT_RECOGNISED,domain entity,missed_by_general_ner," 1.52 lakh crore through ToT and private InvITs . •   Project Pipeline : In line with the Budget announcement FY26 , a dedicated PPP   pipeline of 13,400 km ( e",D09,11,D09_BOX007,1 domain mentions of 'Budget announcement' had no general NER entity at all
NBFC,NOT_RECOGNISED,FINANCIAL_INSTITUTION,missed_by_general_ner,nd more resilient long - term financing via capital markets and prudentially sound bank / NBFC credit .,D09,3,D09_P003_SEC_9_8_PAR001,1 domain mentions of 'NBFC' had no general NER entity at all
Advanced economies,NOT_RECOGNISED,domain entity,missed_by_general_ner,"10.13 Advanced economies have been the first to discover that decarbonisation at scale is an engineering , financi",D10,5,D10_P005_SEC_10_13_PAR001,1 domain mentions of 'Advanced economies' had no general NER entity at all
SIDBI,NOT_RECOGNISED,FINANCIAL_INSTITUTION,missed_by_general_ner,"riculture and Rural Development ( NABARD),91 Small Industries Development Bank of India ( SIDBI),92 Power Finance Corporation Ltd. ( PFC),93 and Rural Electrifi",D10,27,D10_P027_SEC_10_68_PAR001,1 domain mentions of 'SIDBI' had no general NER entity at all
NCD,NOT_RECOGNISED,FINANCIAL_INSTRUMENT,missed_by_general_ner,e National Programme for Prevention   and Control of Non - Communicable   Diseases ( NP - NCD)82 Ayushman Bharat cards generated : 42.78   crore   Hospital admi,D11,26,D11_T005,1 domain mentions of 'NCD' had no general NER entity at all
Fiscal Policy,NOT_RECOGNISED,domain entity,missed_by_general_ner,"eficit , and to give three - year rolling targets for these . Note that the Medium - Term Fiscal Policy Statement has not provided rolling targets for deficits ",D19,8,D19_P008_UNKNOWN_PAR002,1 domain mentions of 'Fiscal Policy' had no general NER entity at all
Disinvestment,NOT_RECOGNISED,domain entity,missed_by_general_ner,"hout borrowings )   41,818   76,000   64,027   1,18,397   84.9 %   of which :             Disinvestment   17,202   47,000   33,837   80,000   136.4 %   Receipts",D19,4,D19_T002,1 domain mentions of 'Disinvestment' had no general NER entity at all
Financial Stability Board,NOT_RECOGNISED,GOVERNMENT_BODY,missed_by_general_ner,"al demand , while those with limited fiscal buffers face compounded vulnerabilities . The Financial Stability Board has also flagged risks to global financial s",D20,5,D20_P005_SEC_2_1_3_PAR003,1 domain mentions of 'Financial Stability Board' had no general NER entity at all
ETF,NOT_RECOGNISED,FINANCIAL_INSTRUMENT,missed_by_general_ner,"d by global trade uncertainty , steady central bank gold accumulation , and unprecedented ETF inflows into gold and silver .",D20,11,D20_P011_SEC_2_3_PAR001,1 domain mentions of 'ETF' had no general NER entity at all
OPEC,NOT_RECOGNISED,COUNTRY_OR_REGION,missed_by_general_ner,"energy sub - index under pressure from weakening global oil demand expectations and ample OPEC+ supply . Industrial metals , however , performed strongly , driv",D20,11,D20_P011_SEC_2_3_PAR004,1 domain mentions of 'OPEC' had no general NER entity at all
Germany,NOT_RECOGNISED,COUNTRY_OR_REGION,missed_by_general_ner,"ge yield during 2025 - 26 March 31 , 2026 March 31 , 2025 Q1 Q2 Q3 Q4 Select G7 Countries Germany 3.0 2.7 2.6 2.7 2.7 2.9 Japan 2.4 1.5 1.4 1.6 1.8 2.2 UK 4.9 4",D20,8,D20_T002,1 domain mentions of 'Germany' had no general NER entity at all
Mutual fund,NOT_RECOGNISED,domain entity,missed_by_general_ner,"K. Mutual Fund Stress Test : Mutual fund stress testing , mandated by SEBI for mid - cap and small - cap funds , simulates extreme",D23,9,D23_P009_SEC_5_1_2_PAR001,1 domain mentions of 'Mutual fund' had no general NER entity at all
NCLT,NOT_RECOGNISED,REGULATORY_BODY,missed_by_general_ner,",808 68,323 Securities Appellate Tribunal 329 404 377 478 15,425 3,131 State PID Courts , NCLT/ NCLAT , Civil Courts ,   Consumer Forum , etc . 72 63 36 39 64,1",D28,14,D28_T027,1 domain mentions of 'NCLT' had no general NER entity at all
