query_id,query,query_type,rank,document_id,source_id,unit_count,best_score,best_unit_id,pages,sections,matched_terms
Q01,inflation,keyword,1,D05,SRC01,27,1.2603,D05_P007_SEC_5_9_PAR002,7;2;15;19;18;4;16;1;2;5;16;20;1;5;6;8;8;13;1;3;6;12;12;18;18;20;21,5.9 DOMESTIC INFLATION;5.2 GLOBAL INFLATION DEVELOPMENTS;5.30 INFLATION: REGIONAL PICTURE;5.35 (Jan 2014 – Dec 2025);5.33 STATE-LEVEL DYNAMICS;5.6 GLOBAL INFLATION DEVELOPMENTS;5.32 STATE-LEVEL DYNAMICS;UNKNOWN UNKNOWN;5.1 GLOBAL INFLATION DEVELOPMENTS;5.7 GLOBAL INFLATION DEVELOPMENTS;5.31 INFLATION: REGIONAL PICTURE;5.36 OUTLOOK FOR INFLATION;UNKNOWN UNKNOWN;5.8 DOMESTIC INFLATION;5.9 DOMESTIC INFLATION;5.11 DOMESTIC INFLATION;5.12 DOMESTIC INFLATION;5.22 DOMESTIC INFLATION;UNKNOWN UNKNOWN;5.4 GLOBAL INFLATION DEVELOPMENTS;5.8 DOMESTIC INFLATION;5.21 DOMESTIC INFLATION;5.22 DOMESTIC INFLATION;5.34 STATE-LEVEL DYNAMICS;5.35 (Jan 2014 – Dec 2025);5.37 OUTLOOK FOR INFLATION;5.37 OUTLOOK FOR INFLATION,inflat
Q01,inflation,keyword,2,D01,SRC01,14,1.2258,D01_P024_SEC_1_29_PAR001,24;2;2;3;1;24;5;1;8;10;11;24;24;24,1.29 Methodology;1.1 GLOBAL ECONOMIC GROWTH – FRAGILE AND DIVERGING;1.1 GLOBAL ECONOMIC GROWTH – FRAGILE AND DIVERGING;1.2 GLOBAL ECONOMIC GROWTH – FRAGILE AND DIVERGING;UNKNOWN UNKNOWN;6.7 Methodology;1.6 GLOBAL ECONOMIC GROWTH – FRAGILE AND DIVERGING;UNKNOWN UNKNOWN;1.7 GLOBAL ECONOMIC GROWTH – FRAGILE AND DIVERGING;1.9 TRENDS IN THE DOMESTIC ECONOMY;1.11 TRENDS IN THE DOMESTIC ECONOMY;1.28 Methodology;1.29 Methodology;1.30 Methodology,inflat
Q01,inflation,keyword,3,D20,SRC03,3,1.2113,D20_P004_II_PAR001,4;5;8,II The Spillover to India: From Sporadic to Structural;2.1.3 The Spillover to India: From Sporadic to Structural;2.2.1 The Spillover to India: From Sporadic to Structural,inflat
Q01,inflation,keyword,4,D03,SRC01,2,1.1193,D03_P021_SEC_3_41_PAR004,21;21,3.41 FINANCIAL INTERMEDIATION;3.41 FINANCIAL INTERMEDIATION,inflat
Q01,inflation,keyword,5,D16,SRC01,1,1.1193,D16_P003_SEC_16_3_PAR001,3,16.3 UNKNOWN,inflat
Q01,inflation,keyword,6,D21,SRC03,1,1.1193,D21_BOX001,2,3.1.1 PRIMARY MARKETS,inflat
Q01,inflation,keyword,7,D28,SRC03,2,1.1193,D28_P029_UNKNOWN_PAR011,29;30,UNKNOWN No. 7885/2024);UNKNOWN No. 7885/2024),inflat
Q02,GDP,keyword,1,D02,SRC01,17,1.25,D02_P041_SEC_2_56_PAR002,41;4;3;4;18;1;25;29;1;6;12;14;14;16;24;26;40,2.56 CONCLUSION AND OUTLOOK;2.7 CENTRAL GOVERNMENT FINANCES;2.4 CENTRAL GOVERNMENT FINANCES;2.6 CENTRAL GOVERNMENT FINANCES;2.29 Fiscal Developments;UNKNOWN UNKNOWN;2.40 Notes:;UNKNOWN Fiscal Developments;UNKNOWN UNKNOWN;2.10 Fiscal Developments;2.19 Fiscal Developments;2.24 Fiscal Developments;2.25 Fiscal Developments;2.27 Fiscal Developments;2.38 Fiscal Developments;2.40 Notes:;UNKNOWN Fiscal Developments,gdp
Q02,GDP,keyword,2,D03,SRC01,5,1.1747,D03_P047_SEC_3_85_PAR006,47;41;44;57;63,3.85 Conclusion;3.73 Conclusion;3.78 Conclusion;3.99 Foreign Portfolio Investment;UNKNOWN CONCLUSION,gdp
Q02,GDP,keyword,3,D19,SRC02,9,1.1747,D19_P003_UNKNOWN_PAR007,3;1;8;3;1;1;3;8;9,UNKNOWN Policy Highlights;UNKNOWN Budget Highlights;UNKNOWN Policy Highlights;UNKNOWN Policy Highlights;UNKNOWN Budget Highlights;UNKNOWN Budget Highlights;UNKNOWN Policy Highlights;UNKNOWN Policy Highlights;UNKNOWN Policy Highlights,gdp
Q02,GDP,keyword,4,D20,SRC03,2,1.1747,D20_T001,5;4,2.1.3 The Spillover to India: From Sporadic to Structural;II The Spillover to India: From Sporadic to Structural,gdp
Q02,GDP,keyword,5,D01,SRC01,4,1.1505,D01_P025_SEC_1_31_PAR001,25;18;10;21,1.31 Methodology;1.27 TRENDS IN THE DOMESTIC ECONOMY;1.9 TRENDS IN THE DOMESTIC ECONOMY;UNKNOWN Methodology,gdp
Q02,GDP,keyword,6,D05,SRC01,2,1.1505,D05_P013_SEC_5_24_PAR001,13;14,5.24 DOMESTIC INFLATION;5.26 DOMESTIC INFLATION,gdp
Q02,GDP,keyword,7,D15,SRC01,2,1.1505,D15_P013_UNKNOWN_PAR001,13;13,UNKNOWN Urbanisation;15.18 Urbanisation,gdp
Q02,GDP,keyword,8,D04,SRC01,1,1.1193,D04_P028_SEC_4_61_PAR002,28,4.61 INDIA’S BALANCE OF PAYMENTS,gdp
Q02,GDP,keyword,9,D07,SRC01,3,1.1193,D07_P004_SEC_7_8_PAR001,4;11;30,7.8 GLOBAL SERVICES TRENDS AND INDIA’S EXPERIENCE;7.17 GLOBAL SERVICES TRENDS AND INDIA’S EXPERIENCE;7.52 New Global Cycle,gdp
Q02,GDP,keyword,10,D08,SRC01,1,1.1193,D08_P031_SEC_8_57_PAR002,31,8.57 Design,gdp
Q02,GDP,keyword,11,D09,SRC01,1,1.1193,D09_P002_SEC_9_4_PAR001,2,9.4 UNKNOWN,gdp
Q02,GDP,keyword,12,D13,SRC01,1,1.1193,D13_P007_SEC_1_4_PAR003,7,1.4 INTRODUCTION,gdp
Q02,GDP,keyword,13,D22,SRC03,1,1.1193,D22_T004,5,4.1.1 SECONDARY MARKETS,gdp
Q02,GDP,keyword,14,D29,SRC03,1,1.1193,D29_BOX001,6,UNKNOWN Financial Sector Assessment,gdp
Q03,FDI,keyword,1,D04,SRC01,37,1.25,D04_BOX003,34;39;34;34;1;30;31;31;33;35;36;37;37;38;39;57;35;29;30;31;32;32;32;33;34;35;36;37;38;38;38;39;41;49;53;53;53,4.78 Remittances;4.81 Remittances;4.77 Remittances;4.78 Remittances;UNKNOWN UNKNOWN;4.67 Remittances;4.67 Remittances;4.68 Remittances;4.75 Remittances;4.79 Remittances;4.80 Remittances;4.80 Remittances;4.80 Remittances;4.80 Remittances;4.80 Remittances;UNKNOWN CONCLUSION AND OUTLOOK;4.80 Remittances;4.64 Remittances;4.66 Remittances;4.69 Remittances;4.71 Remittances;4.72 Remittances;4.73 Remittances;4.76 Remittances;4.78 Remittances;4.80 Remittances;4.80 Remittances;4.80 Remittances;4.80 Remittances;4.80 Remittances;4.80 Remittances;4.81 Remittances;4.81 Remittances;4.95 Conclusion;4.99 Conclusion;4.99 Conclusion;4.99 Conclusion,fdi
Q03,FDI,keyword,2,D07,SRC01,4,1.1747,D07_P005_SEC_7_9_PAR001,5;5;6;14,7.9 GLOBAL SERVICES TRENDS AND INDIA’S EXPERIENCE;7.10 GLOBAL SERVICES TRENDS AND INDIA’S EXPERIENCE;7.10 GLOBAL SERVICES TRENDS AND INDIA’S EXPERIENCE;7.18 GLOBAL SERVICES TRENDS AND INDIA’S EXPERIENCE,fdi
Q03,FDI,keyword,3,D01,SRC01,6,1.1505,D01_P004_SEC_1_5_PAR001,4;27;27;28;28;31,1.5 GLOBAL ECONOMIC GROWTH – FRAGILE AND DIVERGING;1.35 Methodology;1.36 Methodology;1.36 Methodology;1.38 Methodology;1.46 OUTLOOK AND WAY FORWARD,fdi
Q03,FDI,keyword,4,D03,SRC01,3,1.1193,D03_BOX021,60;17;60,3.99 Foreign Portfolio Investment;3.30 FINANCIAL INTERMEDIATION;3.99 Foreign Portfolio Investment,fdi
Q04,monetary policy,phrase,1,D03,SRC01,11,4.1747,D03_P001_UNKNOWN_PAR002,1;9;34;9;11;12;12;21;10;17;47,UNKNOWN UNKNOWN;3.10 MONETARY DEVELOPMENTS;3.64 FINANCIAL INTERMEDIATION;3.9 MONETARY DEVELOPMENTS;3.16 Liquidity Conditions;3.17 Liquidity Conditions;3.18 FINANCIAL INTERMEDIATION;3.41 FINANCIAL INTERMEDIATION;3.12 MONETARY DEVELOPMENTS;3.31 FINANCIAL INTERMEDIATION;3.85 Conclusion,monetari;polici
Q04,monetary policy,phrase,2,D05,SRC01,3,4.1747,D05_P001_UNKNOWN_PAR002,1;5;3,UNKNOWN UNKNOWN;5.7 GLOBAL INFLATION DEVELOPMENTS;5.2 GLOBAL INFLATION DEVELOPMENTS,monetari;polici
Q04,monetary policy,phrase,3,D16,SRC01,2,4.1747,D16_P004_SEC_16_10_PAR001,4;4,16.10 UNKNOWN;16.8 UNKNOWN,monetari;polici
Q04,monetary policy,phrase,4,D17,SRC01,1,4.1747,D17_P009_SEC_16_99_PAR003,9,16.99 Economic Survey 2025-26,monetari;polici
Q04,monetary policy,phrase,5,D01,SRC01,4,4.1505,D01_P003_SEC_1_3_PAR001,3;24;27;30,1.3 GLOBAL ECONOMIC GROWTH – FRAGILE AND DIVERGING;1.29 Methodology;1.34 Methodology;1.43 OUTLOOK AND WAY FORWARD,monetari;polici
Q04,monetary policy,phrase,6,D20,SRC03,2,4.1193,D20_P007_SEC_2_2_1_PAR001,7;9,2.2.1 The Spillover to India: From Sporadic to Structural;2.2.1 The Spillover to India: From Sporadic to Structural,monetari;polici
Q05,financial stability,phrase,1,D03,SRC01,5,4.2386,D03_P004_SEC_3_7_PAR001,4;2;44;12;9,3.7 INTRODUCTION;3.1 INTRODUCTION;3.75 Conclusion;3.18 FINANCIAL INTERMEDIATION;3.9 MONETARY DEVELOPMENTS,financi;stabil
Q05,financial stability,phrase,2,D18,SRC02,9,4.2386,D18_P001_UNKNOWN_PAR002,1;6;2;2;6;3;6;1;3,UNKNOWN INTRODUCTION;UNKNOWN CONCLUSION;I India's Economy Remains Resilient Despite Global Uncertainty;UNKNOWN INTRODUCTION;UNKNOWN CONCLUSION;V Cyber Risk Emerges as a Key Financial Stability Concern;UNKNOWN CONCLUSION;UNKNOWN UNKNOWN;V Cyber Risk Emerges as a Key Financial Stability Concern,financi;stabil
Q05,financial stability,phrase,3,D12,SRC01,1,4.2113,D12_P018_SEC_12_28_PAR003,18,12.28 EMPLOYMENT OVERVIEW,financi;stabil
Q05,financial stability,phrase,4,D29,SRC03,3,4.2113,D29_P001_SEC_11_1_PAR005,1;1;1,11.1 INTERNATIONAL ENGAGEMENTS;III Other International Engagements;UNKNOWN INTERNATIONAL ENGAGEMENTS,financi;stabil
Q05,financial stability,phrase,5,D31,SRC03,3,4.2113,D31_P009_SEC_13_4_7_PAR004,9;6;9,13.4.7 Office.;13.5 Office.;13.4.7 Office.,financi;stabil
Q05,financial stability,phrase,6,D20,SRC03,1,4.1945,D20_P005_SEC_2_1_3_PAR003,5,2.1.3 The Spillover to India: From Sporadic to Structural,financi;stabil
Q05,financial stability,phrase,7,D13,SRC01,1,4.1193,D13_P035_SEC_13_95_PAR001,35,13.95 OUTLOOK,financi;stabil
Q05,financial stability,phrase,8,D16,SRC01,1,4.1193,D16_P001_UNKNOWN_PAR002,1,UNKNOWN UNKNOWN,financi;stabil
Q05,financial stability,phrase,9,D22,SRC03,1,4.1193,D22_P018_UNKNOWN_PAR012,18,UNKNOWN Regulatory Milestones,financi;stabil
Q06,current account deficit,phrase,1,D01,SRC01,1,5.1747,D01_P027_SEC_1_35_PAR001,27,1.35 Methodology,account;current;deficit
Q06,current account deficit,phrase,2,D03,SRC01,1,5.1505,D03_P047_SEC_3_85_PAR003,47,3.85 Conclusion,account;current;deficit
Q06,current account deficit,phrase,3,D04,SRC01,1,5.1505,D04_P028_SEC_4_61_PAR002,28,4.61 INDIA’S BALANCE OF PAYMENTS,account;current;deficit
Q06,current account deficit,phrase,4,D16,SRC01,1,5.1505,D16_P002_SEC_16_1_PAR001,2,16.1 UNKNOWN,account;current;deficit
Q06,current account deficit,phrase,5,D20,SRC03,2,5.1505,D20_P012_SEC_2_3_PAR002,12;5,2.3 The Spillover to India: From Sporadic to Structural;2.1.3 The Spillover to India: From Sporadic to Structural,account;current;deficit
Q07,GDP AND inflation,boolean_and,1,D05,SRC01,4,2.2603,D05_P019_SEC_5_35_PAR001,19;4;1;5,5.35 (Jan 2014 – Dec 2025);5.6 GLOBAL INFLATION DEVELOPMENTS;UNKNOWN UNKNOWN;5.7 GLOBAL INFLATION DEVELOPMENTS,gdp;inflat
Q07,GDP AND inflation,boolean_and,2,D20,SRC03,1,2.2386,D20_T001,5,2.1.3 The Spillover to India: From Sporadic to Structural,gdp;inflat
Q07,GDP AND inflation,boolean_and,3,D03,SRC01,1,2.1945,D03_P047_SEC_3_85_PAR006,47,3.85 Conclusion,gdp;inflat
Q07,GDP AND inflation,boolean_and,4,D01,SRC01,2,2.1747,D01_P003_SEC_1_2_PAR002,3;10,1.2 GLOBAL ECONOMIC GROWTH – FRAGILE AND DIVERGING;1.9 TRENDS IN THE DOMESTIC ECONOMY,gdp;inflat
Q07,GDP AND inflation,boolean_and,5,D19,SRC02,1,2.1505,D19_P001_UNKNOWN_PAR003,1,UNKNOWN Budget Highlights,gdp;inflat
Q07,GDP AND inflation,boolean_and,6,D02,SRC01,1,2.1193,D02_P007_SEC_2_14_PAR001,7,2.14 Fiscal Developments,gdp;inflat
Q07,GDP AND inflation,boolean_and,7,D07,SRC01,1,2.1193,D07_P028_SEC_7_50_PAR001,28,7.50 New Global Cycle,gdp;inflat
Q08,"RBI AND ""repo rate""",boolean_and,1,D03,SRC01,2,5.2113,D03_P009_SEC_3_10_PAR001,9;11,3.10 MONETARY DEVELOPMENTS;3.16 Liquidity Conditions,rate;rbi;repo
Q08,"RBI AND ""repo rate""",boolean_and,2,D20,SRC03,1,5.2113,D20_P004_II_PAR001,4,II The Spillover to India: From Sporadic to Structural,rate;rbi;repo
Q09,banking AND credit,boolean_and,1,D18,SRC02,4,2.2603,D18_P002_II_PAR001,2;2;6;3,"II Credit Growth Remains Strong, Led by Retail and Services Sectors;II Credit Growth Remains Strong, Led by Retail and Services Sectors;XI Consumer Credit Continues to Grow on Strong Credit Quality;VI Shift Towards Higher-Yield Lending Calls for Continued Vigilance",bank;credit
Q09,banking AND credit,boolean_and,2,D06,SRC01,2,2.2386,D06_P017_SEC_6_24_PAR001,17;17,6.24 Credit;6.23 Credit,bank;credit
Q09,banking AND credit,boolean_and,3,D01,SRC01,4,2.2258,D01_P027_SEC_1_34_PAR001,27;13;34;13,1.34 Methodology;1.13 TRENDS IN THE DOMESTIC ECONOMY;3 Trend TFP: digital infrastructure and allocative efficiency;1.13 TRENDS IN THE DOMESTIC ECONOMY,bank;credit
Q09,banking AND credit,boolean_and,4,D08,SRC01,7,2.2258,D08_P033_SEC_8_61_PAR001,33;37;39;5;6;6;6,8.61 Design;8.67 Design;8.67 Design;8.13 UNKNOWN;8.14 UNKNOWN;8.13 UNKNOWN;8.14 UNKNOWN,bank;credit
Q09,banking AND credit,boolean_and,5,D03,SRC01,25,2.2113,D03_P010_SEC_3_13_PAR001,10;14;16;17;54;64;30;27;46;29;47;12;18;19;31;44;64;11;12;16;18;19;21;29;44,3.13 MONETARY DEVELOPMENTS;3.24 FINANCIAL INTERMEDIATION;3.26 FINANCIAL INTERMEDIATION;3.31 FINANCIAL INTERMEDIATION;3.96 Foreign Portfolio Investment;UNKNOWN CONCLUSION;3.50 FINANCIAL INTERMEDIATION;3.49 FINANCIAL INTERMEDIATION;3.85 Conclusion;3.49 FINANCIAL INTERMEDIATION;3.85 Conclusion;3.18 FINANCIAL INTERMEDIATION;3.32 FINANCIAL INTERMEDIATION;3.35 FINANCIAL INTERMEDIATION;3.52 FINANCIAL INTERMEDIATION;3.75 Conclusion;UNKNOWN CONCLUSION;3.16 Liquidity Conditions;3.19 FINANCIAL INTERMEDIATION;3.29 FINANCIAL INTERMEDIATION;3.31 FINANCIAL INTERMEDIATION;3.38 FINANCIAL INTERMEDIATION;3.41 FINANCIAL INTERMEDIATION;3.50 FINANCIAL INTERMEDIATION;3.76 Conclusion,bank;credit
Q09,banking AND credit,boolean_and,6,D07,SRC01,1,2.1945,D07_P010_SEC_7_16_PAR001,10,7.16 GLOBAL SERVICES TRENDS AND INDIA’S EXPERIENCE,bank;credit
Q09,banking AND credit,boolean_and,7,D09,SRC01,2,2.1945,D09_P004_SEC_9_12_PAR001,4;4,9.12 UNKNOWN;9.11 UNKNOWN,bank;credit
Q09,banking AND credit,boolean_and,8,D10,SRC01,2,2.1747,D10_P027_SEC_10_68_PAR001,27;40,10.68 INTRODUCTION;10.99 Finance Framework,bank;credit
Q09,banking AND credit,boolean_and,9,D04,SRC01,1,2.1505,D04_P025_SEC_4_54_PAR001,25,4.54 Industry Response,bank;credit
Q09,banking AND credit,boolean_and,10,D11,SRC01,1,2.1505,D11_P016_SEC_11_24_PAR001,16,11.24 EDUCATION: ENHANCING QUALITY AND ACCESS,bank;credit
Q09,banking AND credit,boolean_and,11,D14,SRC01,1,2.1505,D14_P021_SEC_14_46_PAR001,21,14.46 HUMAN CAPITAL FOR AI,bank;credit
Q10,GDP OR GVA,boolean_or,1,D01,SRC01,9,2.1505,D01_P015_SEC_1_19_PAR001,15;9;17;9;25;18;10;14;21,1.19 TRENDS IN THE DOMESTIC ECONOMY;1.8 TRENDS IN THE DOMESTIC ECONOMY;1.24 TRENDS IN THE DOMESTIC ECONOMY;1.8 TRENDS IN THE DOMESTIC ECONOMY;1.31 Methodology;1.27 TRENDS IN THE DOMESTIC ECONOMY;1.9 TRENDS IN THE DOMESTIC ECONOMY;1.17 TRENDS IN THE DOMESTIC ECONOMY;UNKNOWN Methodology,gdp;gva
Q10,GDP OR GVA,boolean_or,2,D05,SRC01,5,2.1505,D05_P014_SEC_5_25_PAR001,14;13;14;15;19,5.25 DOMESTIC INFLATION;5.24 DOMESTIC INFLATION;5.26 DOMESTIC INFLATION;5.28 DOMESTIC INFLATION;5.35 (Jan 2014 – Dec 2025),gdp;gva
Q10,GDP OR GVA,boolean_or,3,D07,SRC01,5,2.1193,D07_P006_SEC_7_11_PAR001,6;8;4;11;30,7.11 GLOBAL SERVICES TRENDS AND INDIA’S EXPERIENCE;7.13 GLOBAL SERVICES TRENDS AND INDIA’S EXPERIENCE;7.8 GLOBAL SERVICES TRENDS AND INDIA’S EXPERIENCE;7.17 GLOBAL SERVICES TRENDS AND INDIA’S EXPERIENCE;7.52 New Global Cycle,gdp;gva
Q10,GDP OR GVA,boolean_or,4,D08,SRC01,1,2.1193,D08_P017_SEC_8_35_PAR001,17,8.35 Pharmaceuticals,gdp;gva
Q10,GDP OR GVA,boolean_or,5,D02,SRC01,17,1.25,D02_P041_SEC_2_56_PAR002,41;4;3;4;18;1;25;29;1;6;12;14;14;16;24;26;40,2.56 CONCLUSION AND OUTLOOK;2.7 CENTRAL GOVERNMENT FINANCES;2.4 CENTRAL GOVERNMENT FINANCES;2.6 CENTRAL GOVERNMENT FINANCES;2.29 Fiscal Developments;UNKNOWN UNKNOWN;2.40 Notes:;UNKNOWN Fiscal Developments;UNKNOWN UNKNOWN;2.10 Fiscal Developments;2.19 Fiscal Developments;2.24 Fiscal Developments;2.25 Fiscal Developments;2.27 Fiscal Developments;2.38 Fiscal Developments;2.40 Notes:;UNKNOWN Fiscal Developments,gdp
Q10,GDP OR GVA,boolean_or,6,D03,SRC01,5,1.1747,D03_P047_SEC_3_85_PAR006,47;41;44;57;63,3.85 Conclusion;3.73 Conclusion;3.78 Conclusion;3.99 Foreign Portfolio Investment;UNKNOWN CONCLUSION,gdp
Q10,GDP OR GVA,boolean_or,7,D19,SRC02,4,1.1747,D19_P003_UNKNOWN_PAR007,3;1;8;3,UNKNOWN Policy Highlights;UNKNOWN Budget Highlights;UNKNOWN Policy Highlights;UNKNOWN Policy Highlights,gdp
Q10,GDP OR GVA,boolean_or,8,D20,SRC03,2,1.1747,D20_T001,5;4,2.1.3 The Spillover to India: From Sporadic to Structural;II The Spillover to India: From Sporadic to Structural,gdp
Q10,GDP OR GVA,boolean_or,9,D15,SRC01,1,1.1505,D15_P013_UNKNOWN_PAR001,13,UNKNOWN Urbanisation,gdp
Q10,GDP OR GVA,boolean_or,10,D04,SRC01,1,1.1193,D04_P028_SEC_4_61_PAR002,28,4.61 INDIA’S BALANCE OF PAYMENTS,gdp
Q11,inflation OR disinflation,boolean_or,1,D01,SRC01,13,2.2386,D01_P024_SEC_1_29_PAR001,24;2;2;3;1;24;5;1;8;10;11;24;24,1.29 Methodology;1.1 GLOBAL ECONOMIC GROWTH – FRAGILE AND DIVERGING;1.1 GLOBAL ECONOMIC GROWTH – FRAGILE AND DIVERGING;1.2 GLOBAL ECONOMIC GROWTH – FRAGILE AND DIVERGING;UNKNOWN UNKNOWN;6.7 Methodology;1.6 GLOBAL ECONOMIC GROWTH – FRAGILE AND DIVERGING;UNKNOWN UNKNOWN;1.7 GLOBAL ECONOMIC GROWTH – FRAGILE AND DIVERGING;1.9 TRENDS IN THE DOMESTIC ECONOMY;1.11 TRENDS IN THE DOMESTIC ECONOMY;1.28 Methodology;1.29 Methodology,disinfl;inflat
Q11,inflation OR disinflation,boolean_or,2,D20,SRC03,3,2.2258,D20_P004_II_PAR001,4;5;8,II The Spillover to India: From Sporadic to Structural;2.1.3 The Spillover to India: From Sporadic to Structural;2.2.1 The Spillover to India: From Sporadic to Structural,disinfl;inflat
Q11,inflation OR disinflation,boolean_or,3,D05,SRC01,28,2.1945,D05_P005_SEC_5_7_PAR001,5;5;6;13;12;11;7;2;15;19;18;4;16;1;2;16;20;1;8;8;1;3;6;12;18;18;20;21,5.7 GLOBAL INFLATION DEVELOPMENTS;5.8 DOMESTIC INFLATION;5.9 DOMESTIC INFLATION;5.22 DOMESTIC INFLATION;5.21 DOMESTIC INFLATION;5.18 DOMESTIC INFLATION;5.9 DOMESTIC INFLATION;5.2 GLOBAL INFLATION DEVELOPMENTS;5.30 INFLATION: REGIONAL PICTURE;5.35 (Jan 2014 – Dec 2025);5.33 STATE-LEVEL DYNAMICS;5.6 GLOBAL INFLATION DEVELOPMENTS;5.32 STATE-LEVEL DYNAMICS;UNKNOWN UNKNOWN;5.1 GLOBAL INFLATION DEVELOPMENTS;5.31 INFLATION: REGIONAL PICTURE;5.36 OUTLOOK FOR INFLATION;UNKNOWN UNKNOWN;5.11 DOMESTIC INFLATION;5.12 DOMESTIC INFLATION;UNKNOWN UNKNOWN;5.4 GLOBAL INFLATION DEVELOPMENTS;5.8 DOMESTIC INFLATION;5.22 DOMESTIC INFLATION;5.34 STATE-LEVEL DYNAMICS;5.35 (Jan 2014 – Dec 2025);5.37 OUTLOOK FOR INFLATION;5.37 OUTLOOK FOR INFLATION,disinfl;inflat
Q11,inflation OR disinflation,boolean_or,4,D03,SRC01,2,1.1193,D03_P021_SEC_3_41_PAR004,21;21,3.41 FINANCIAL INTERMEDIATION;3.41 FINANCIAL INTERMEDIATION,inflat
Q11,inflation OR disinflation,boolean_or,5,D16,SRC01,1,1.1193,D16_P003_SEC_16_3_PAR001,3,16.3 UNKNOWN,inflat
Q11,inflation OR disinflation,boolean_or,6,D21,SRC03,1,1.1193,D21_BOX001,2,3.1.1 PRIMARY MARKETS,inflat
Q11,inflation OR disinflation,boolean_or,7,D28,SRC03,2,1.1193,D28_P029_UNKNOWN_PAR011,29;30,UNKNOWN No. 7885/2024);UNKNOWN No. 7885/2024),inflat
Q12,inflation AND NOT food,boolean_not,1,D05,SRC01,17,1.2603,D05_P007_SEC_5_9_PAR002,7;19;18;4;16;2;5;20;5;8;13;6;12;12;18;18;21,5.9 DOMESTIC INFLATION;5.35 (Jan 2014 – Dec 2025);5.33 STATE-LEVEL DYNAMICS;5.6 GLOBAL INFLATION DEVELOPMENTS;5.32 STATE-LEVEL DYNAMICS;5.1 GLOBAL INFLATION DEVELOPMENTS;5.7 GLOBAL INFLATION DEVELOPMENTS;5.36 OUTLOOK FOR INFLATION;5.8 DOMESTIC INFLATION;5.11 DOMESTIC INFLATION;5.22 DOMESTIC INFLATION;5.8 DOMESTIC INFLATION;5.21 DOMESTIC INFLATION;5.22 DOMESTIC INFLATION;5.34 STATE-LEVEL DYNAMICS;5.35 (Jan 2014 – Dec 2025);5.37 OUTLOOK FOR INFLATION,inflat
Q12,inflation AND NOT food,boolean_not,2,D01,SRC01,16,1.1747,D01_T001,2;2;3;1;24;5;1;8;10;11;24;24;24;30;30;31,1.1 GLOBAL ECONOMIC GROWTH – FRAGILE AND DIVERGING;1.1 GLOBAL ECONOMIC GROWTH – FRAGILE AND DIVERGING;1.2 GLOBAL ECONOMIC GROWTH – FRAGILE AND DIVERGING;UNKNOWN UNKNOWN;6.7 Methodology;1.6 GLOBAL ECONOMIC GROWTH – FRAGILE AND DIVERGING;UNKNOWN UNKNOWN;1.7 GLOBAL ECONOMIC GROWTH – FRAGILE AND DIVERGING;1.9 TRENDS IN THE DOMESTIC ECONOMY;1.11 TRENDS IN THE DOMESTIC ECONOMY;1.28 Methodology;1.29 Methodology;1.30 Methodology;1.43 OUTLOOK AND WAY FORWARD;1.45 OUTLOOK AND WAY FORWARD;1.45 OUTLOOK AND WAY FORWARD,inflat
Q12,inflation AND NOT food,boolean_not,3,D20,SRC03,2,1.1747,D20_T001,5;8,2.1.3 The Spillover to India: From Sporadic to Structural;2.2.1 The Spillover to India: From Sporadic to Structural,inflat
Q12,inflation AND NOT food,boolean_not,4,D03,SRC01,9,1.1193,D03_P021_SEC_3_41_PAR004,21;21;1;4;9;12;34;47;62,3.41 FINANCIAL INTERMEDIATION;3.41 FINANCIAL INTERMEDIATION;UNKNOWN UNKNOWN;3.7 INTRODUCTION;3.10 MONETARY DEVELOPMENTS;3.18 FINANCIAL INTERMEDIATION;3.64 FINANCIAL INTERMEDIATION;3.85 Conclusion;3.99 Foreign Portfolio Investment,inflat
Q12,inflation AND NOT food,boolean_not,5,D21,SRC03,1,1.1193,D21_BOX001,2,3.1.1 PRIMARY MARKETS,inflat
Q12,inflation AND NOT food,boolean_not,6,D28,SRC03,2,1.1193,D28_P029_UNKNOWN_PAR011,29;30,UNKNOWN No. 7885/2024);UNKNOWN No. 7885/2024),inflat
Q12,inflation AND NOT food,boolean_not,7,D02,SRC01,3,1.0753,D02_BOX005,15;7;35,2.26 Fiscal Developments;2.14 Fiscal Developments;UNKNOWN Fiscal Developments,inflat
Q13,banking AND NOT insurance,boolean_not,1,D03,SRC01,18,1.1945,D03_P010_SEC_3_13_PAR001,10;64;1;17;20;21;22;46;10;12;14;16;18;21;23;30;47;63,3.13 MONETARY DEVELOPMENTS;UNKNOWN CONCLUSION;UNKNOWN UNKNOWN;3.31 FINANCIAL INTERMEDIATION;3.39 FINANCIAL INTERMEDIATION;3.41 FINANCIAL INTERMEDIATION;3.41 FINANCIAL INTERMEDIATION;3.85 Conclusion;3.14 MONETARY DEVELOPMENTS;3.18 FINANCIAL INTERMEDIATION;3.24 FINANCIAL INTERMEDIATION;3.26 FINANCIAL INTERMEDIATION;3.32 FINANCIAL INTERMEDIATION;3.41 FINANCIAL INTERMEDIATION;3.43 FINANCIAL INTERMEDIATION;3.50 FINANCIAL INTERMEDIATION;3.85 Conclusion;UNKNOWN CONCLUSION,bank
Q13,banking AND NOT insurance,boolean_not,2,D06,SRC01,3,1.1747,D06_P017_SEC_6_23_PAR001,17;17;26,6.23 Credit;6.24 Credit;6.43 Cooperatives,bank
Q13,banking AND NOT insurance,boolean_not,3,D18,SRC02,9,1.1747,D18_P002_II_PAR001,2;2;3;2;2;3;3;3;4,"II Credit Growth Remains Strong, Led by Retail and Services Sectors;III Banks Continue to Maintain Strong Liquidity Buffers;IV Strong Asset Quality and Profitability Reinforce Banking Sector Resilience;UNKNOWN INTRODUCTION;UNKNOWN INTRODUCTION;VI Shift Towards Higher-Yield Lending Calls for Continued Vigilance;VI Shift Towards Higher-Yield Lending Calls for Continued Vigilance;VI Shift Towards Higher-Yield Lending Calls for Continued Vigilance;UNKNOWN OVERALL TAKEAWAY",bank
Q13,banking AND NOT insurance,boolean_not,4,D01,SRC01,3,1.1505,D01_P026_SEC_1_33_PAR001,26;27;3,1.33 Methodology;1.34 Methodology;1.2 GLOBAL ECONOMIC GROWTH – FRAGILE AND DIVERGING,bank
Q13,banking AND NOT insurance,boolean_not,5,D05,SRC01,1,1.1505,D05_P003_SEC_5_3_PAR001,3,5.3 GLOBAL INFLATION DEVELOPMENTS,bank
Q13,banking AND NOT insurance,boolean_not,6,D08,SRC01,4,1.1505,D08_P005_SEC_8_13_PAR001,5;39;6;37,8.13 UNKNOWN;8.67 Design;8.14 UNKNOWN;8.67 Design,bank
Q13,banking AND NOT insurance,boolean_not,7,D09,SRC01,2,1.1505,D09_P004_SEC_9_12_PAR001,4;4,9.12 UNKNOWN;9.11 UNKNOWN,bank
Q13,banking AND NOT insurance,boolean_not,8,D02,SRC01,1,1.1193,D02_P013_SEC_2_21_PAR001,13,2.21 Fiscal Developments,bank
Q13,banking AND NOT insurance,boolean_not,9,D10,SRC01,3,1.1193,D10_P027_SEC_10_68_PAR001,27;33;40,10.68 INTRODUCTION;10.76 Finance Framework;10.99 Finance Framework,bank
Q13,banking AND NOT insurance,boolean_not,10,D12,SRC01,1,1.1193,D12_P032_SEC_12_49_PAR001,32,12.49 SKILLING STRATEGIES FOR YOUTH,bank
Q13,banking AND NOT insurance,boolean_not,11,D13,SRC01,2,1.1193,D13_P024_SEC_13_66_PAR004,24;18,13.66 TRANSFORMING THE RURAL ECONOMY;13.48 TRANSFORMING THE RURAL ECONOMY,bank
Q13,banking AND NOT insurance,boolean_not,12,D22,SRC03,2,1.1193,D22_P011_SEC_4_2_2_PAR006,11;15,4.2.2 SECONDARY MARKETS;4.3.3 SECONDARY MARKETS,bank
Q13,banking AND NOT insurance,boolean_not,13,D28,SRC03,1,1.1193,D28_P002_SEC_10_1_1_PAR004,2,"10.1.1 REGULATORY ACTION, SUPERVISION AND ENFORCEMENT",bank
Q14,GDP AND investment,boolean_and,1,D02,SRC01,7,2.2603,D02_P041_SEC_2_56_PAR002,41;40;29;26;2;23;41,2.56 CONCLUSION AND OUTLOOK;UNKNOWN Fiscal Developments;UNKNOWN Fiscal Developments;2.40 Notes:;UNKNOWN UNKNOWN;2.37 Fiscal Developments;UNKNOWN Fiscal Developments,gdp;invest
Q14,GDP AND investment,boolean_and,2,D01,SRC01,4,2.1945,D01_P012_SEC_1_12_PAR001,12;25;3;31,1.12 TRENDS IN THE DOMESTIC ECONOMY;1.31 Methodology;1.2 GLOBAL ECONOMIC GROWTH – FRAGILE AND DIVERGING;1.46 OUTLOOK AND WAY FORWARD,gdp;invest
Q14,GDP AND investment,boolean_and,3,D20,SRC03,2,2.1945,D20_T001,5;4,2.1.3 The Spillover to India: From Sporadic to Structural;II The Spillover to India: From Sporadic to Structural,gdp;invest
Q14,GDP AND investment,boolean_and,4,D03,SRC01,3,2.1747,D03_P041_SEC_3_73_PAR003,41;28;40,3.73 Conclusion;3.49 FINANCIAL INTERMEDIATION;3.73 Conclusion,gdp;invest
Q14,GDP AND investment,boolean_and,5,D08,SRC01,2,2.1505,D08_BOX011,24;31,8.47 National Manufacturing Mission;8.57 Design,gdp;invest
Q14,GDP AND investment,boolean_and,6,D09,SRC01,1,2.1505,D09_P002_SEC_9_4_PAR001,2,9.4 UNKNOWN,gdp;invest
Q14,GDP AND investment,boolean_and,7,D04,SRC01,2,2.1193,D04_P032_SEC_4_72_PAR001,32;41,4.72 Remittances;4.81 Remittances,gdp;invest
Q14,GDP AND investment,boolean_and,8,D07,SRC01,1,2.1193,D07_P002_SEC_7_3_PAR001,2,7.3 INTRODUCTION,gdp;invest
Q14,GDP AND investment,boolean_and,9,D10,SRC01,1,2.1193,D10_P007_SEC_10_22_PAR001,7,10.22 INTRODUCTION,gdp;invest
Q14,GDP AND investment,boolean_and,10,D16,SRC01,1,2.1193,D16_P002_SEC_16_1_PAR001,2,16.1 UNKNOWN,gdp;invest
Q15,(GDP OR GVA) AND policy,boolean_group,1,D02,SRC01,5,2.1945,D02_P004_SEC_2_6_PAR001,4;34;3;34;39,2.6 CENTRAL GOVERNMENT FINANCES;UNKNOWN Central Government Debt;2.3 CENTRAL GOVERNMENT FINANCES;UNKNOWN Central Government Debt;UNKNOWN Fiscal Developments,gdp;polici
Q15,(GDP OR GVA) AND policy,boolean_group,2,D03,SRC01,1,2.1945,D03_P047_SEC_3_85_PAR006,47,3.85 Conclusion,gdp;polici
Q15,(GDP OR GVA) AND policy,boolean_group,3,D04,SRC01,1,2.1747,D04_P006_SEC_4_13_PAR002,6,4.13 GLOBAL TRADE DYNAMICS,gdp;polici
Q15,(GDP OR GVA) AND policy,boolean_group,4,D05,SRC01,2,2.1505,D05_P001_UNKNOWN_PAR002,1;5,UNKNOWN UNKNOWN;5.7 GLOBAL INFLATION DEVELOPMENTS,gdp;polici
Q15,(GDP OR GVA) AND policy,boolean_group,5,D07,SRC01,2,2.1505,D07_P011_SEC_7_17_PAR001,11;28,7.17 GLOBAL SERVICES TRENDS AND INDIA’S EXPERIENCE;7.49 New Global Cycle,gdp;gva;polici
Q15,(GDP OR GVA) AND policy,boolean_group,6,D12,SRC01,1,2.1505,D12_P007_SEC_12_12_PAR001,7,12.12 EMPLOYMENT OVERVIEW,gdp;polici
Q15,(GDP OR GVA) AND policy,boolean_group,7,D01,SRC01,1,2.1193,D01_P031_SEC_1_46_PAR001,31,1.46 OUTLOOK AND WAY FORWARD,gdp;polici
Q15,(GDP OR GVA) AND policy,boolean_group,8,D06,SRC01,1,2.1193,D06_P004_SEC_6_9_PAR001,4,6.9 INTRODUCTION,gva;polici
Q15,(GDP OR GVA) AND policy,boolean_group,9,D08,SRC01,1,2.1193,D08_BOX007,20,8.41 National Manufacturing Mission,gdp;polici
