query_id,query,query_type,description,expected_domain,configured_terms,excluded_terms,normalized_terms,matched_terms,missing_terms,syntax_valid,answered,result_units,result_documents,execution_time_ms,top_unit_ids,top_documents,error
Q01,inflation,keyword,Single economic indicator,economic,inflation,,inflat,inflat,,true,true,50,7,230.182,D05_P007_SEC_5_9_PAR002;D05_P002_SEC_5_2_PAR001;D05_P015_SEC_5_30_PAR001;D05_P019_SEC_5_35_PAR001;D01_P024_SEC_1_29_PAR001,D01;D03;D05;D16;D20;D21;D28,
Q02,GDP,keyword,Gross domestic product acronym,economic,gdp,,gdp,gdp,,true,true,50,14,319.701,D02_P041_SEC_2_56_PAR002;D02_P004_SEC_2_7_PAR001;D02_P003_SEC_2_4_PAR001;D02_P004_SEC_2_6_PAR001;D02_P018_SEC_2_29_PAR001,D01;D02;D03;D04;D05;D07;D08;D09;D13;D15;D19;D20;D22;D29,
Q03,FDI,keyword,Foreign direct investment flow,economic,fdi,,fdi,fdi,,true,true,50,4,116.175,D04_BOX003;D04_BOX007;D07_P005_SEC_7_9_PAR001;D01_P004_SEC_1_5_PAR001;D04_P034_SEC_4_77_PAR001,D01;D03;D04;D07,
Q04,monetary policy,phrase,Ordered two-word policy phrase,economic,monetary;policy,,monetari;polici,monetari;polici,,true,true,23,6,64.235,D03_P001_UNKNOWN_PAR002;D03_P009_SEC_3_10_PAR001;D03_P034_SEC_3_64_PAR001;D05_P001_UNKNOWN_PAR002;D16_P004_SEC_16_10_PAR001,D01;D03;D05;D16;D17;D20,
Q05,financial stability,phrase,Ordered two-word stability phrase,financial_stability,financial;stability,,financi;stabil,financi;stabil,,true,true,25,9,109.59,D03_P004_SEC_3_7_PAR001;D18_P001_UNKNOWN_PAR002;D03_P002_SEC_3_1_PAR001;D12_P018_SEC_12_28_PAR003;D29_P001_SEC_11_1_PAR005,D03;D12;D13;D16;D18;D20;D22;D29;D31,
Q06,current account deficit,phrase,Ordered three-word external sector phrase,economic,current;account;deficit,,current;account;deficit,current;account;deficit,,true,true,6,5,33.32,D01_P027_SEC_1_35_PAR001;D03_P047_SEC_3_85_PAR003;D04_P028_SEC_4_61_PAR002;D16_P002_SEC_16_1_PAR001;D20_P012_SEC_2_3_PAR002,D01;D03;D04;D16;D20,
Q07,GDP AND inflation,boolean_and,Both terms in the same content unit,economic,gdp;inflation,,GDP;inflation,gdp;inflat,,true,true,11,7,38.632,D05_P019_SEC_5_35_PAR001;D20_T001;D05_P004_SEC_5_6_PAR001;D03_P047_SEC_3_85_PAR006;D05_P001_UNKNOWN_PAR002,D01;D02;D03;D05;D07;D19;D20,
Q08,"RBI AND ""repo rate""",boolean_and,Central bank and its policy instrument,regulator,rbi;repo rate,,RBI;repo rate,rate;rbi;repo,,true,true,3,2,10.492,D03_P009_SEC_3_10_PAR001;D20_P004_II_PAR001;D03_P011_SEC_3_16_PAR001,D03;D20,
Q09,banking AND credit,boolean_and,Banking sector with credit,banking,banking;credit,,banking;credit,bank;credit,,true,true,50,11,162.182,D18_P002_II_PAR001;D06_P017_SEC_6_24_PAR001;D01_P027_SEC_1_34_PAR001;D06_P017_SEC_6_23_PAR001;D08_P033_SEC_8_61_PAR001,D01;D03;D04;D06;D07;D08;D09;D10;D11;D14;D18,
Q10,GDP OR GVA,boolean_or,Either national accounts aggregate,economic,gdp;gva,,GDP;GVA,gdp;gva,,true,true,50,10,386.621,D01_P015_SEC_1_19_PAR001;D05_P014_SEC_5_25_PAR001;D01_P009_SEC_1_8_PAR002;D01_P017_SEC_1_24_PAR001;D01_T002,D01;D02;D03;D04;D05;D07;D08;D15;D19;D20,
Q11,inflation OR disinflation,boolean_or,Price movement alternatives,economic,inflation;disinflation,,inflation;disinflation,disinfl;inflat,,true,true,50,7,223.746,D01_P024_SEC_1_29_PAR001;D20_P004_II_PAR001;D05_P005_SEC_5_7_PAR001;D05_P005_SEC_5_8_PAR001;D05_P006_SEC_5_9_PAR001,D01;D03;D05;D16;D20;D21;D28,
Q12,inflation AND NOT food,boolean_not,Inflation excluding food-price passages,economic,inflation,food,inflation;food,inflat,,true,true,50,7,190.09,D05_P007_SEC_5_9_PAR002;D05_P019_SEC_5_35_PAR001;D05_P018_SEC_5_33_PAR001;D05_P004_SEC_5_6_PAR001;D05_P016_SEC_5_32_PAR001,D01;D02;D03;D05;D20;D21;D28,
Q13,banking AND NOT insurance,boolean_not,Banking passages without insurance,banking,banking,insurance,banking;insurance,bank,,true,true,50,13,489.168,D03_P010_SEC_3_13_PAR001;D03_BOX023;D06_P017_SEC_6_23_PAR001;D06_P017_SEC_6_24_PAR001;D18_P002_II_PAR001,D01;D02;D03;D05;D06;D08;D09;D10;D12;D13;D18;D22;D28,
Q14,GDP AND investment,boolean_and,Growth aggregate with investment,economic,gdp;investment,,GDP;investment,gdp;invest,,true,true,24,10,72.835,D02_P041_SEC_2_56_PAR002;D01_P012_SEC_1_12_PAR001;D01_P025_SEC_1_31_PAR001;D02_T009;D20_T001,D01;D02;D03;D04;D07;D08;D09;D10;D16;D20,
Q15,(GDP OR GVA) AND policy,boolean_group,Grouped OR inside AND,economic,gdp;gva;policy,,GDP;GVA;policy,gdp;gva;polici,,true,true,15,9,49.592,D02_P004_SEC_2_6_PAR001;D03_P047_SEC_3_85_PAR006;D04_P006_SEC_4_13_PAR002;D02_P034_UNKNOWN_PAR002;D05_P001_UNKNOWN_PAR002,D01;D02;D03;D04;D05;D06;D07;D08;D12,
