term,default_tag,default_tag_share,distinct_default_tags,observed_tag_distribution,custom_tag,rule,reason,occurrences_in_corpus,documents_affected,example,example_document_id,example_page,example_unit_id
fiscal,JJ,0.9646,2,JJ:218;NNP:8,NOUN,policy_rate_compound,"monetary-policy rate/ration nouns (repo, MSF, CRR, SLR)",226,20,Supportive fiscal policy strategy underpinning domestic demand,D01,24,D01_P024_SEC_6_7_PAR003
billion,CD,1,1,CD:134,NOUN,measurement_noun,units of account and measurement nouns,134,13,248.3 billion in April - December 2025 from USD 224.0 billion in the corresponding period of the previous year .,D04,12,D04_P012_SEC_4_28_PAR001
core,NN,0.6356,3,NN:75;JJ:33;NNP:10,ADJ,adjective_form,comparative statistical modifiers that must stay adjectives when they modify a noun,118,26,Headline CPI CPFI Core Inflation Core Inflation ( Excluding Gold and,D01,24,D01_P024_SEC_6_7_PAR002
monetary,JJ,0.5349,2,JJ:46;NNP:40,NOUN,policy_rate_compound,"monetary-policy rate/ration nouns (repo, MSF, CRR, SLR)",86,12,Monetary Transmission and the Changing Credit Mix,D01,26,D01_P026_SEC_1_32_PAR002
million,CD,1,1,CD:72,NOUN,measurement_noun,units of account and measurement nouns,72,13,"• The Double Contribution Convention eliminates dual social security payments for assignments up to 36 months , benefiting over 75,000 professionals and 900 firms , with annual savings exceeding USD 500 million and improved cost competitiveness .",D07,14,D07_P014_SEC_7_18_PAR001
trillion,CD,1,1,CD:59,NOUN,measurement_noun,units of account and measurement nouns,59,10,"14.20 . Similarly , the CEO of IBM raised concerns about the financial viability of the capital expenditures being undertaken for data centre expansion16 . With some firms projected to burn half a trillion in cash by 2030 while pursuing compute infrastructure",D14,9,D14_P009_SEC_14_20_PAR001
headline,NN,0.9091,3,NN:20;VBP:1;VB:1,ADJ,adjective_form,comparative statistical modifiers that must stay adjectives when they modify a noun,22,5,Headline CPI CPFI Core Inflation Core Inflation ( Excluding Gold and,D01,24,D01_P024_SEC_6_7_PAR002
repo,JJ,0.4667,3,JJ:7;NN:5;NNP:3,NOUN,policy_rate_compound,"monetary-policy rate/ration nouns (repo, MSF, CRR, SLR)",15,4,"1.32 . Markets have acknowledged and rewarded the government ’s commitment to fiscal discipline through lower sovereign bond yields , with the spread over U.S. bonds declining by more than half ( Chart I.22 ) . Alongside a lower repo rate , these declining",D01,25,D01_P025_SEC_1_32_PAR001
macro,JJ,0.9091,2,JJ:10;NN:1,NOUN,policy_rate_compound,"monetary-policy rate/ration nouns (repo, MSF, CRR, SLR)",11,6,"government liabilities ( around 65 per cent)43 . This composition has enabled effective transmission of domestic macro - financial conditions to government borrowing costs , which have benefited from favourable domestic conditions , including easing inflation , strong growth , and supportive liquidity .",D02,35,D02_P035_UNKNOWN_PAR001
reverse,VB,0.5455,3,VB:6;JJ:3;NN:2,NOUN,policy_rate_compound,"monetary-policy rate/ration nouns (repo, MSF, CRR, SLR)",11,6,"A state that can not reverse can not learn ; a state that can not learn can not adapt . Preventing hysteresis is therefore not a technical refinement , but a foundational requirement of an entrepreneurial state .",D17,7,D17_P007_SEC_16_94_PAR005
prudential,JJ,0.5,3,JJ:3;NNP:2;NN:1,NOUN,policy_rate_compound,"monetary-policy rate/ration nouns (repo, MSF, CRR, SLR)",6,4,"10 . Additional Prudential Norms : As per the norms , financing to State - owned power utilities is linked to the operational performance of their respective State distribution utilities .",D09,24,D09_P024_SEC_9_40_PAR007
