term,occurrences,documents,dominant_tag,dominant_share,distinct_tags,observed_tag_distribution,rule,expected_tag,correction_applies,example_document_id,example_page,example_unit_id
crore,807,24,NN,0.8835,8,NN:713;NNP:57;NNS:15;FW:9;CD:5;RB:5;VB:2;VBP:1,measurement_noun,NOUN,false,D02,14,D02_P014_SEC_2_25_PAR002
policy,459,29,NN,0.8824,2,NN:405;NNP:54,policy_rate_compound,NOUN,false,D01,23,D01_P023_SEC_1_28_PAR013
lakh,343,24,NN,0.9359,5,NN:321;NNP:14;JJ:5;VBP:2;NNS:1,measurement_noun,NOUN,false,D02,14,D02_P014_SEC_2_25_PAR002
gdp,245,19,NNP,0.7224,2,NNP:177;NN:68,,,false,D01,7,D01_P007_SEC_1_6_PAR003
fiscal,225,20,JJ,0.9644,2,JJ:217;NNP:8,policy_rate_compound,NOUN,true,D01,24,D01_P024_SEC_6_7_PAR003
net,193,24,JJ,0.7668,3,JJ:148;NNP:31;NN:14,adjective_form,ADJ,false,D02,12,D02_T003
billion,135,13,CD,1,1,CD:135,measurement_noun,NOUN,true,D04,12,D04_P012_SEC_4_28_PAR001
real,125,25,JJ,0.856,2,JJ:107;NNP:18,adjective_form,ADJ,false,D03,3,D03_P003_SEC_3_4_PAR002
core,118,26,NN,0.6356,3,NN:75;JJ:33;NNP:10,adjective_form,ADJ,true,D01,24,D01_P024_SEC_6_7_PAR002
fdi,92,9,NNP,0.9674,2,NNP:89;NN:3,,,false,D01,27,D01_P027_SEC_1_36_PAR001
monetary,86,12,JJ,0.5349,2,JJ:46;NNP:40,policy_rate_compound,NOUN,true,D01,26,D01_P026_SEC_1_32_PAR002
gross,85,17,JJ,0.7176,2,JJ:61;NNP:24,adjective_form,ADJ,false,D01,27,D01_P027_SEC_1_36_PAR001
million,72,13,CD,1,1,CD:72,measurement_noun,NOUN,true,D07,14,D07_P014_SEC_7_18_PAR001
retail,65,18,JJ,0.9231,2,JJ:60;NN:5,adjective_form,ADJ,false,D03,7,D03_P007_SEC_3_8_PAR006
liquidity,63,17,NN,0.9683,2,NN:61;NNP:2,policy_rate_compound,NOUN,false,D02,35,D02_P035_UNKNOWN_PAR001
trillion,59,10,CD,1,1,CD:59,measurement_noun,NOUN,true,D14,9,D14_P009_SEC_14_20_PAR001
utilisation,41,19,NN,0.878,2,NN:36;NNP:5,organisation_noun,NOUN,false,D12,45,D12_P045_SEC_12_67_PAR002
urbanisation,34,5,NN,0.8529,2,NN:29;NNP:5,organisation_noun,NOUN,false,D15,1,D15_P001_UNKNOWN_PAR001
gva,31,5,NNP,0.871,3,NNP:27;VBP:2;NN:2,,,false,D08,11,D08_P011_SEC_8_23_PAR002
rationalisation,31,16,NN,0.871,2,NN:27;NNP:4,organisation_noun,NOUN,false,D19,1,D19_P001_UNKNOWN_PAR015
mobilisation,28,10,NN,0.9286,2,NN:26;NNP:2,organisation_noun,NOUN,false,D02,41,D02_P041_SEC_2_56_PAR001
formalisation,24,10,NN,0.9583,2,NN:23;NNP:1,organisation_noun,NOUN,false,D01,33,D01_P033_SEC_1_PAR004
benchmark,23,10,JJ,0.6087,3,JJ:14;NN:8;NNP:1,,,false,D10,31,D10_P031_SEC_10_72_PAR002
cpi,22,3,NNP,1,1,NNP:22,,,false,D01,24,D01_P024_SEC_1_29_PAR002
headline,22,5,NN,0.9091,3,NN:20;VBP:1;VB:1,adjective_form,ADJ,true,D01,24,D01_P024_SEC_6_7_PAR002
nominal,22,8,JJ,0.8636,2,JJ:19;NNP:3,adjective_form,ADJ,false,D03,60,D03_P060_SEC_3_99_PAR001
organisation,19,13,NNP,0.7368,2,NNP:14;NN:5,organisation_noun,NOUN,false,D04,53,D04_P053_SEC_4_99_PAR001
modernisation,15,10,NN,0.6667,2,NN:10;NNP:5,organisation_noun,NOUN,false,,0,
optimisation,15,6,NN,0.8,2,NN:12;NNP:3,organisation_noun,NOUN,false,D06,16,D06_P016_SEC_6_22_PAR005
repo,15,4,JJ,0.4667,3,JJ:7;NN:5;NNP:3,policy_rate_compound,NOUN,true,D01,25,D01_P025_SEC_1_32_PAR001
capitalisation,12,4,NN,0.6667,2,NN:8;NNP:4,organisation_noun,NOUN,false,,0,
indigenisation,12,3,NN,1,1,NN:12,organisation_noun,NOUN,false,D16,14,D16_P014_SEC_16_46_PAR001
internationalisation,12,2,NN,0.9167,2,NN:11;NNP:1,organisation_noun,NOUN,false,D04,42,D04_P042_SEC_4_81_PAR001
monetisation,12,6,NN,0.9167,2,NN:11;NNP:1,organisation_noun,NOUN,false,D02,2,D02_P002_UNKNOWN_PAR003
organization,12,7,NN,0.6667,2,NN:8;NNP:4,organisation_noun,NOUN,false,D12,18,D12_P018_SEC_12_28_PAR005
globalisation,11,5,NN,1,1,NN:11,organisation_noun,NOUN,false,D04,1,D04_P001_SEC_4_1_PAR001
industrialisation,11,4,NN,1,1,NN:11,organisation_noun,NOUN,false,D08,42,D08_P042_SEC_8_70_PAR001
macro,11,6,JJ,0.9091,2,JJ:10;NN:1,policy_rate_compound,NOUN,true,D02,35,D02_P035_UNKNOWN_PAR001
mechanisation,11,3,NN,0.9091,2,NN:10;NNP:1,organisation_noun,NOUN,false,,0,
reverse,11,6,VB,0.5455,3,VB:6;JJ:3;NN:2,policy_rate_compound,NOUN,true,D04,4,D04_P004_SEC_4_8_PAR002
utilization,11,5,NN,0.7273,2,NN:8;NNP:3,organisation_noun,NOUN,false,D22,22,D22_P022_UNKNOWN_PAR007
localisation,10,4,NN,0.9,2,NN:9;NNP:1,organisation_noun,NOUN,false,D14,32,D14_P032_UNKNOWN_PAR001
digitisation,9,7,NN,1,1,NN:9,organisation_noun,NOUN,false,D26,10,D26_P010_UNKNOWN_PAR018
disinflation,9,3,NN,0.8889,2,NN:8;NNP:1,,,false,,0,
categorisation,8,4,NN,0.75,2,NN:6;NNP:2,organisation_noun,NOUN,false,D03,7,D03_P007_SEC_3_8_PAR002
operationalisation,7,6,NN,0.8571,2,NN:6;NNP:1,organisation_noun,NOUN,false,,0,
standardisation,7,6,NN,1,1,NN:7,organisation_noun,NOUN,false,D09,7,D09_P007_SEC_9_17_PAR013
commercialisation,6,4,NN,1,1,NN:6,organisation_noun,NOUN,false,,0,
digitalisation,6,6,NN,1,1,NN:6,organisation_noun,NOUN,false,,0,
financialisation,6,4,NN,1,1,NN:6,organisation_noun,NOUN,false,D03,1,D03_P001_UNKNOWN_PAR003
liberalisation,6,3,NN,0.8333,2,NN:5;JJ:1,organisation_noun,NOUN,false,D04,1,D04_P001_SEC_4_1_PAR001
prioritisation,6,6,NN,1,1,NN:6,organisation_noun,NOUN,false,,0,
prudential,6,4,JJ,0.5,3,JJ:3;NNP:2;NN:1,policy_rate_compound,NOUN,true,D09,24,D09_P024_SEC_9_40_PAR007
specialisation,6,5,NN,1,1,NN:6,organisation_noun,NOUN,false,,0,
immunisation,5,2,NN,1,1,NN:5,organisation_noun,NOUN,false,D11,27,D11_P027_UNKNOWN_PAR001
mobilization,5,2,NN,1,1,NN:5,organisation_noun,NOUN,false,,0,
normalisation,5,2,NN,1,1,NN:5,organisation_noun,NOUN,false,,0,
tokenisation,5,1,NN,1,1,NN:5,organisation_noun,NOUN,false,D27,11,D27_P011_SEC_9_4_1_PAR005
capitalization,4,1,NN,1,1,NN:4,organisation_noun,NOUN,false,,0,
crr,4,1,NNP,1,1,NNP:4,policy_rate_compound,NOUN,false,,0,
dematerialisation,4,2,NN,0.75,2,NN:3;NNP:1,organisation_noun,NOUN,false,D22,6,D22_P006_SEC_4_1_1_PAR007
rationalization,4,2,NN,0.5,2,NN:2;NNP:2,organisation_noun,NOUN,false,,0,
realisation,4,3,NN,1,1,NN:4,organisation_noun,NOUN,false,,0,
refinancing,4,4,VBG,0.75,2,VBG:3;NN:1,,,false,,0,
securitisation,4,1,NN,0.75,2,NN:3;NNP:1,organisation_noun,NOUN,false,D03,65,D03_P065_UNKNOWN_PAR006
stabilisation,4,4,NN,1,1,NN:4,organisation_noun,NOUN,false,,0,
decarbonisation,3,2,NN,1,1,NN:3,organisation_noun,NOUN,false,,0,
harmonisation,3,2,NN,1,1,NN:3,organisation_noun,NOUN,false,D01,23,D01_P023_SEC_1_28_PAR011
institutionalisation,3,1,NN,1,1,NN:3,organisation_noun,NOUN,false,,0,
solarisation,3,1,NN,1,1,NN:3,organisation_noun,NOUN,false,,0,
wholesale,3,2,JJ,0.6667,2,JJ:2;NNP:1,adjective_form,ADJ,false,D05,6,D05_P006_SEC_5_8_PAR001
computerisation,2,2,NN,1,1,NN:2,organisation_noun,NOUN,false,,0,
fertilisation,2,1,NN,1,1,NN:2,organisation_noun,NOUN,false,,0,
internalisation,2,2,NN,1,1,NN:2,organisation_noun,NOUN,false,D04,40,D04_P040_SEC_4_81_PAR001
modernization,2,1,NN,0.5,2,NN:1;NNP:1,organisation_noun,NOUN,false,,0,
msf,2,1,NNP,1,1,NNP:2,policy_rate_compound,NOUN,false,,0,
operationalization,2,2,NN,1,1,NN:2,organisation_noun,NOUN,false,,0,
privatisation,2,2,NN,1,1,NN:2,organisation_noun,NOUN,false,,0,
sensitisation,2,2,NN,1,1,NN:2,organisation_noun,NOUN,false,,0,
standardization,2,2,NN,1,1,NN:2,organisation_noun,NOUN,false,,0,
subsidisation,2,1,JJ,0.5,2,JJ:1;NN:1,organisation_noun,NOUN,true,,0,
synchronisation,2,2,NN,1,1,NN:2,organisation_noun,NOUN,false,,0,
weaponisation,2,2,NN,1,1,NN:2,organisation_noun,NOUN,false,,0,
monetisation,1,1,NN,1,1,NN:1,organisation_noun,NOUN,false,,0,
authorisation,1,1,NNP,1,1,NNP:1,organisation_noun,NOUN,false,,0,
authorization,1,1,NN,1,1,NN:1,organisation_noun,NOUN,false,,0,
bilingualization,1,1,NNP,1,1,NNP:1,organisation_noun,NOUN,false,,0,
categorization,1,1,NN,1,1,NN:1,organisation_noun,NOUN,false,,0,
centralisation,1,1,NN,1,1,NN:1,organisation_noun,NOUN,false,,0,
channelization,1,1,NN,1,1,NN:1,organisation_noun,NOUN,false,,0,
characterisation,1,1,NN,1,1,NN:1,organisation_noun,NOUN,false,,0,
collectivisation,1,1,NN,1,1,NN:1,organisation_noun,NOUN,false,,0,
commercialization,1,1,NN,1,1,NN:1,organisation_noun,NOUN,false,D09,37,D09_P037_SEC_9_58_PAR004
corporatisation,1,1,NN,1,1,NN:1,organisation_noun,NOUN,false,D22,36,D22_P036_SEC_4_8_PAR001
customization,1,1,NN,1,1,NN:1,organisation_noun,NOUN,false,,0,
decarbonization,1,1,NN,1,1,NN:1,organisation_noun,NOUN,false,,0,
decentralisation,1,1,NN,1,1,NN:1,organisation_noun,NOUN,false,,0,
decriminalisation,1,1,NN,1,1,NN:1,organisation_noun,NOUN,false,,0,
dematerialization,1,1,NN,1,1,NN:1,organisation_noun,NOUN,false,,0,
democratization,1,1,NN,1,1,NN:1,organisation_noun,NOUN,false,,0,
digitalization,1,1,NN,1,1,NN:1,organisation_noun,NOUN,false,,0,
digitization,1,1,NN,1,1,NN:1,organisation_noun,NOUN,false,D27,11,D27_P011_UNKNOWN_PAR021
finalisation,1,1,NN,1,1,NN:1,organisation_noun,NOUN,false,D09,19,D09_P019_UNKNOWN_PAR007
globalization,1,1,NN,1,1,NN:1,organisation_noun,NOUN,false,D04,3,D04_P003_SEC_4_8_PAR002
improvisation,1,1,NN,1,1,NN:1,organisation_noun,NOUN,false,,0,
incentivization,1,1,NNP,1,1,NNP:1,organisation_noun,NOUN,false,,0,
informalisation,1,1,NN,1,1,NN:1,organisation_noun,NOUN,false,,0,
institutionalization,1,1,NN,1,1,NN:1,organisation_noun,NOUN,false,,0,
maximisation,1,1,NN,1,1,NN:1,organisation_noun,NOUN,false,,0,
personalisation,1,1,NN,1,1,NN:1,organisation_noun,NOUN,false,,0,
recapitalisation,1,1,NN,1,1,NN:1,organisation_noun,NOUN,false,,0,
reorganisation,1,1,NN,1,1,NN:1,organisation_noun,NOUN,false,,0,
reorganization,1,1,NN,1,1,NN:1,organisation_noun,NOUN,false,,0,
reprioritisation,1,1,NN,1,1,NN:1,organisation_noun,NOUN,false,,0,
ruralisation,1,1,NN,1,1,NN:1,organisation_noun,NOUN,false,,0,
sensitization,1,1,NN,1,1,NN:1,organisation_noun,NOUN,false,,0,
stabilisation.58,1,1,NNP,1,1,NNP:1,organisation_noun,NOUN,false,D13,25,D13_P025_SEC_13_66_PAR002
summarisation,1,1,NN,1,1,NN:1,organisation_noun,NOUN,false,,0,
tokenization,1,1,NN,1,1,NN:1,organisation_noun,NOUN,false,D27,11,D27_P011_SEC_9_4_PAR001
underutilisation,1,1,NN,1,1,NN:1,organisation_noun,NOUN,false,,0,
underutilization,1,1,NN,1,1,NN:1,organisation_noun,NOUN,false,,0,
visualisation,1,1,NN,1,1,NN:1,organisation_noun,NOUN,false,,0,
visualization,1,1,NN,1,1,NN:1,organisation_noun,NOUN,false,D27,8,D27_P008_SEC_9_3_1_PAR006
vocationalisation,1,1,NNP,1,1,NNP:1,organisation_noun,NOUN,false,,0,
wpi,1,1,NNP,1,1,NNP:1,,,false,,0,
