document_id,source_id,page_number,unit_id,section_id,section_number,section_title,unit_type,text,tagged_tokens,pos_sequence,token_count
D01,SRC01,23,D01_P023_SEC_1_28_PAR004,D01_SEC_1_28,1.28,Methodology,paragraph,"• An updated item basket incorporating new and emerging industrial products , while removing obsolete items","•/VBN;An/DT;updated/VBN;item/NN;basket/NN;incorporating/VBG;new/JJ;and/CC;emerging/VBG;industrial/JJ;products/NNS;,/,;while/IN;removing/VBG;obsolete/JJ;items/NNS",VERB DET VERB NOUN NOUN VERB ADJ CCONJ VERB ADJ NOUN PUNCT SCONJ VERB ADJ NOUN,16
D02,SRC01,10,D02_P010_UNKNOWN_PAR003,D02_SEC_S26,UNKNOWN,Equipment,paragraph,• 5 per cent GST on ( a ) Medical apparatus & devices and ( b ) Medical equipment and supplies .,•/VBN;5/CD;per/IN;cent/NN;GST/NNP;on/IN;(/-LRB-;a/LS;)/-RRB-;Medical/NNP;apparatus/NN;&/CC;devices/NNP;and/CC;(/-LRB-;b/LS;)/-RRB-;Medical/JJ;equipment/NN;and/CC;supplies/NNS;./.,VERB NUM ADP NOUN PROPN ADP PUNCT X PUNCT PROPN NOUN CCONJ PROPN CCONJ PUNCT X PUNCT ADJ NOUN CCONJ NOUN PUNCT,22
D03,SRC01,6,D03_P006_SEC_3_8_PAR003,D03_SEC_3_8,3.8,INTRODUCTION,paragraph,"The impact of uncertainty shocks on capital formation is estimated using the following firm- level equation , where i = 1 to 811 :","The/DT;impact/NN;of/IN;uncertainty/NN;shocks/NNS;on/IN;capital/NN;formation/NN;is/VBZ;estimated/VBN;using/VBG;the/DT;following/VBG;firm-/JJ;level/NN;equation/NN;,/,;where/WRB;i/PRP;=/VBP;1/CD;to/TO;811/CD;:/:",DET NOUN ADP NOUN NOUN ADP NOUN NOUN AUX VERB VERB DET VERB ADJ NOUN NOUN PUNCT SCONJ PRON VERB NUM PART NUM PUNCT,24
D04,SRC01,18,D04_P018_UNKNOWN_PAR011,D04_SEC_S42,UNKNOWN,• World (0.3),paragraph,"For paper , paperboard and products : Bangladesh ( 19.5 ) , Russia ( 59.8 ) and Oman ( 43.5 ) .","For/IN;paper/NN;,/,;paperboard/NN;and/CC;products/NNS;:/:;Bangladesh/NNP;(/-LRB-;19.5/CD;)/-RRB-;,/,;Russia/NNP;(/-LRB-;59.8/CD;)/-RRB-;and/CC;Oman/NNP;(/-LRB-;43.5/CD;)/-RRB-;./.",ADP NOUN PUNCT NOUN CCONJ NOUN PUNCT PROPN PUNCT NUM PUNCT PUNCT PROPN PUNCT NUM PUNCT CCONJ PROPN PUNCT NUM PUNCT PUNCT,22
D05,SRC01,10,D05_P010_SEC_5_15_PAR002,D05_SEC_5_15,5.15,DOMESTIC INFLATION,paragraph,Source : Calculated from the daily data given by the Department of Consumer Affairs,Source/NN;:/:;Calculated/VBN;from/IN;the/DT;daily/JJ;data/NNS;given/VBN;by/IN;the/DT;Department/NNP;of/IN;Consumer/NNP;Affairs/NNPS,NOUN PUNCT VERB ADP DET ADJ NOUN VERB ADP DET PROPN ADP PROPN PROPN,14
D06,SRC01,32,D06_P032_SEC_6_61_PAR001,D06_SEC_6_61,6.61,CONCLUSION,paragraph,"6.61 In conclusion , key priorities for the agriculture sector include strengthening access to assured water supply by strengthening irrigation systems that include reviving","6.61/CD;In/IN;conclusion/NN;,/,;key/JJ;priorities/NNS;for/IN;the/DT;agriculture/NN;sector/NN;include/VBP;strengthening/VBG;access/NN;to/IN;assured/JJ;water/NN;supply/NN;by/IN;strengthening/VBG;irrigation/NN;systems/NNS;that/WDT;include/VBP;reviving/VBG",NUM ADP NOUN PUNCT ADJ NOUN ADP DET NOUN NOUN VERB VERB NOUN ADP ADJ NOUN NOUN ADP VERB NOUN NOUN PRON VERB VERB,24
D07,SRC01,8,D07_P008_SEC_7_13_PAR005,D07_SEC_7_13,7.13,GLOBAL SERVICES TRENDS AND INDIA’S EXPERIENCE,paragraph,Services sector remains central to urban employment dynamics,Services/NNS;sector/NN;remains/VBZ;central/JJ;to/IN;urban/JJ;employment/NN;dynamics/NNS,NOUN NOUN VERB ADJ ADP ADJ NOUN NOUN,8
D08,SRC01,43,D08_P043_SEC_8_71_PAR001,D08_SEC_8_71,8.71,CONCLUSION: A ROADMAP FOR THE NEXT LEAP,paragraph,Industry 's Next Leap : Structural Transformation and Global Integration,Industry/NN;'s/POS;Next/NNP;Leap/NNP;:/:;Structural/NNP;Transformation/NNP;and/CC;Global/NNP;Integration/NNP,NOUN PART PROPN PROPN PUNCT PROPN PROPN CCONJ PROPN PROPN,10
D09,SRC01,24,D09_P024_SEC_9_40_PAR002,D09_SEC_9_40,9.40,Digital Initiatives:,paragraph,5 . Effective Subsidy Accounting : Standard operating procedures laid to ensure timely release of state government subsidies and improve financial transparency .,5/LS;./.;Effective/JJ;Subsidy/NNP;Accounting/NN;:/:;Standard/JJ;operating/NN;procedures/NNS;laid/VBN;to/TO;ensure/VB;timely/JJ;release/NN;of/IN;state/NN;government/NN;subsidies/NNS;and/CC;improve/VB;financial/JJ;transparency/NN;./.,X PUNCT ADJ PROPN NOUN PUNCT ADJ NOUN NOUN VERB PART VERB ADJ NOUN ADP NOUN NOUN NOUN CCONJ VERB ADJ NOUN PUNCT,23
D10,SRC01,27,D10_P027_SEC_10_67_PAR001,D10_SEC_10_67,10.67,INTRODUCTION,paragraph,"10.67 International public sector climate finance at an affordable cost , is therefore essential for mobilising private sector finance , required to meet climate ambitions .","10.67/CD;International/JJ;public/JJ;sector/NN;climate/NN;finance/NN;at/IN;an/DT;affordable/JJ;cost/NN;,/,;is/VBZ;therefore/RB;essential/JJ;for/IN;mobilising/VBG;private/JJ;sector/NN;finance/NN;,/,;required/VBN;to/TO;meet/VB;climate/NN;ambitions/NNS;./.",NUM ADJ ADJ NOUN NOUN NOUN ADP DET ADJ NOUN PUNCT AUX ADV ADJ ADP VERB ADJ NOUN NOUN PUNCT VERB PART VERB NOUN NOUN PUNCT,26
D11,SRC01,42,D11_P042_SEC_11_65_PAR003,D11_SEC_11_65,11.65,Swasth Nari Sashakt Parivar Abhiyaan,paragraph,"137 Aristotle . ( 1999 ) . Nicomachean ethics ( Ostwald M. , trans . ) . Upper Saddle River , NJ : Prentice Hall .","137/CD;Aristotle/NNP;./.;(/-LRB-;1999/CD;)/-RRB-;./.;Nicomachean/JJ;ethics/NNS;(/-LRB-;Ostwald/NNP;M./NNP;,/,;trans/NNP;./.;)/-RRB-;./.;Upper/NNP;Saddle/NNP;River/NNP;,/,;NJ/NNP;:/:;Prentice/NNP;Hall/NNP;./.",NUM PROPN PUNCT PUNCT NUM PUNCT PUNCT ADJ NOUN PUNCT PROPN PROPN PUNCT PROPN PUNCT PUNCT PUNCT PROPN PROPN PROPN PUNCT PROPN PUNCT PROPN PROPN PUNCT,26
D12,SRC01,39,D12_P039_SEC_12_55_PAR005,D12_SEC_12_55,12.55,SKILLING STRATEGIES FOR YOUTH,paragraph,"Efforts to scale short - term training courses should prioritise raising awareness of the benefits and returns of skilling , improving trainee mobilisation , and elevating trainer standards .","Efforts/NNS;to/TO;scale/VB;short/JJ;-/HYPH;term/NN;training/NN;courses/NNS;should/MD;prioritise/VB;raising/VBG;awareness/NN;of/IN;the/DT;benefits/NNS;and/CC;returns/NNS;of/IN;skilling/VBG;,/,;improving/VBG;trainee/NN;mobilisation/NN;,/,;and/CC;elevating/VBG;trainer/NN;standards/NNS;./.",NOUN PART VERB ADJ PUNCT NOUN NOUN NOUN AUX VERB VERB NOUN ADP DET NOUN CCONJ NOUN ADP VERB PUNCT VERB NOUN NOUN PUNCT CCONJ VERB NOUN NOUN PUNCT,29
D13,SRC01,35,D13_P035_SEC_13_93_PAR001,D13_SEC_13_93,13.93,OUTLOOK,paragraph,Rural Development and Social Progress : From Participatiom to Partnership,Rural/NNP;Development/NNP;and/CC;Social/NNP;Progress/NNP;:/:;From/IN;Participatiom/NNP;to/IN;Partnership/NN,PROPN PROPN CCONJ PROPN PROPN PUNCT ADP PROPN ADP NOUN,10
D14,SRC01,9,D14_P009_SEC_14_20_PAR006,D14_SEC_14_20,14.20,Discussion,paragraph,16 IBM CEO questions profitability of AI Data Centre Boom . https://tinyurl.com/bdfuwfdc .,16/CD;IBM/NNP;CEO/NNP;questions/NNS;profitability/NN;of/IN;AI/NNP;Data/NNP;Centre/NNP;Boom/NNP;./.;https://tinyurl.com/bdfuwfdc/ADD;./.,NUM PROPN PROPN NOUN NOUN ADP PROPN PROPN PROPN PROPN PUNCT X PUNCT,13
D15,SRC01,22,D15_P022_SEC_15_38_PAR001,D15_SEC_15_38,15.38,Urbanisation,paragraph,"15.38 . This is corroborated by a study by the Council on Energy , Environment and","15.38/CD;./.;This/DT;is/VBZ;corroborated/VBN;by/IN;a/DT;study/NN;by/IN;the/DT;Council/NNP;on/IN;Energy/NNP;,/,;Environment/NNP;and/CC",NUM PUNCT PRON AUX VERB ADP DET NOUN ADP DET PROPN ADP PROPN PUNCT PROPN CCONJ,16
D16,SRC01,1,D16_P001_UNKNOWN_PAR001,UNKNOWN,UNKNOWN,UNKNOWN,paragraph,PART - I FROM IMPORT SUBSTITUTION TO STRATEGIC RESILIENCE AND STRATEGIC INDISPENSABILITY,PART/NNS;-/:;I/PRP;FROM/IN;IMPORT/NNP;SUBSTITUTION/NNP;TO/IN;STRATEGIC/NNP;RESILIENCE/NNP;AND/CC;STRATEGIC/NNP;INDISPENSABILITY/NNP,NOUN PUNCT PRON ADP PROPN PROPN ADP PROPN PROPN CCONJ PROPN PROPN,12
D17,SRC01,1,D17_P001_UNKNOWN_PAR002,D17_SEC_S01,UNKNOWN,PART-II,paragraph,"You have a right to action alone , not to the fruits of your labour .","You/PRP;have/VBP;a/DT;right/NN;to/IN;action/NN;alone/RB;,/,;not/RB;to/IN;the/DT;fruits/NNS;of/IN;your/PRP$;labour/NN;./.",PRON VERB DET NOUN ADP NOUN ADV PUNCT PART ADP DET NOUN ADP PRON NOUN PUNCT,16
D18,SRC02,4,D18_P004_A_PAR003,D18_SEC_A,A,Energy Price Volatility,paragraph,"✓ Therefore , the Banks need to incorporate commodity price sensitivity into credit appraisal and stress testing .","✓/NNP;Therefore/RB;,/,;the/DT;Banks/NNPS;need/VBP;to/TO;incorporate/VB;commodity/NN;price/NN;sensitivity/NN;into/IN;credit/NN;appraisal/NN;and/CC;stress/NN;testing/NN;./.",PROPN ADV PUNCT DET PROPN VERB PART VERB NOUN NOUN NOUN ADP NOUN NOUN CCONJ NOUN NOUN PUNCT,18
D19,SRC02,8,D19_P008_UNKNOWN_PAR017,D19_SEC_S03,UNKNOWN,Policy Highlights,paragraph,37 % 39 % 39 % 37 % 38 % 40 %,37/CD;%/NN;39/CD;%/NN;39/CD;%/NN;37/CD;%/NN;38/CD;%/NN;40/CD;%/NN,NUM NOUN NUM NOUN NUM NOUN NUM NOUN NUM NOUN NUM NOUN,12
D20,SRC03,11,D20_P011_SEC_2_3_PAR001,D20_SEC_2_3,2.3,The Spillover to India: From Sporadic to Structural,paragraph,"and precious metals began ascending from the very outset of the financial year , supported by global trade uncertainty , steady central bank gold accumulation , and unprecedented ETF inflows into gold and silver .","and/CC;precious/JJ;metals/NNS;began/VBD;ascending/VBG;from/IN;the/DT;very/JJ;outset/NN;of/IN;the/DT;financial/JJ;year/NN;,/,;supported/VBN;by/IN;global/JJ;trade/NN;uncertainty/NN;,/,;steady/JJ;central/JJ;bank/NN;gold/NN;accumulation/NN;,/,;and/CC;unprecedented/JJ;ETF/NN;inflows/NNS;into/IN;gold/NN;and/CC;silver/NN;./.",CCONJ ADJ NOUN VERB VERB ADP DET ADJ NOUN ADP DET ADJ NOUN PUNCT VERB ADP ADJ NOUN NOUN PUNCT ADJ ADJ NOUN NOUN NOUN PUNCT CCONJ ADJ NOUN NOUN ADP NOUN CCONJ NOUN PUNCT,35
D21,SRC03,15,D21_T013,D21_SEC_3_3_2,3.3.2,Municipal Bonds,table,Table 3.13 : Exemption applications under Regulation 11 of Takeover Regulations,Table/NN;3.13/CD;:/:;Exemption/NN;applications/NNS;under/IN;Regulation/NNP;11/CD;of/IN;Takeover/NNP;Regulations/NNPS,NOUN NUM PUNCT NOUN NOUN ADP PROPN NUM ADP PROPN PROPN,11
D22,SRC03,8,D22_P008_SEC_4_1_4_PAR003,D22_SEC_4_1_4,4.1.4,SECONDARY MARKETS,paragraph,"clients , Statutory Bodies , VCFs , NBFC , etc . ;","clients/NNS;,/,;Statutory/NNP;Bodies/NNP;,/,;VCFs/NNS;,/,;NBFC/NNP;,/,;etc/FW;./FW;;/:",NOUN PUNCT PROPN PROPN PUNCT NOUN PUNCT PROPN PUNCT X X PUNCT,12
D23,SRC03,18,D23_P018_SEC_5_3_2_PAR013,D23_SEC_5_3_2,5.3.2,FUND MANAGEMENT ACTIVITIES,paragraph,i. Simplifying the minimum contribution rules for sponsors and sponsor groups during the conversion - linked public issue .,i./NN;Simplifying/VBG;the/DT;minimum/JJ;contribution/NN;rules/NNS;for/IN;sponsors/NNS;and/CC;sponsor/NN;groups/NNS;during/IN;the/DT;conversion/NN;-/HYPH;linked/VBN;public/JJ;issue/NN;./.,NOUN VERB DET ADJ NOUN NOUN ADP NOUN CCONJ NOUN NOUN ADP DET NOUN PUNCT VERB ADJ NOUN PUNCT,19
D24,SRC03,1,D24_P001_SEC_6_1_1_PAR014,D24_SEC_6_1_1,6.1.1,UNKNOWN,paragraph,"elevated , elevated higher US bond yields and portfolio","elevated/VBN;,/,;elevated/VBD;higher/JJR;US/NNP;bond/NN;yields/NNS;and/CC;portfolio/NN",VERB PUNCT VERB ADJ PROPN NOUN NOUN CCONJ NOUN,9
D25,SRC03,3,D25_P003_UNKNOWN_PAR008,D25_SEC_S05,UNKNOWN,Annual Report 2025-26,paragraph,"During 2025 - 26 , the total number of rating downgrades declined to 84 from 99 in the previous","During/IN;2025/CD;-/SYM;26/CD;,/,;the/DT;total/JJ;number/NN;of/IN;rating/NN;downgrades/NNS;declined/VBD;to/IN;84/CD;from/IN;99/CD;in/IN;the/DT;previous/JJ",ADP NUM SYM NUM PUNCT DET ADJ NOUN ADP NOUN NOUN VERB ADP NUM ADP NUM ADP DET ADJ,19
D26,SRC03,2,D26_P002_SEC_8_1_PAR068,D26_SEC_8_1,8.1,PROTECTION OF THE INVESTOR INTERESTS,paragraph,AMCs also play an important role in investor,AMCs/NNS;also/RB;play/VBP;an/DT;important/JJ;role/NN;in/IN;investor/NN,NOUN ADV VERB DET ADJ NOUN ADP NOUN,8
D27,SRC03,4,D27_P004_SEC_9_2_1_PAR005,D27_SEC_9_2_1,9.2.1,TECHNOLOGY,paragraph,providers ( SMPPs ) to ensure that only,providers/NNS;(/-LRB-;SMPPs/NNS;)/-RRB-;to/TO;ensure/VB;that/IN;only/RB,NOUN PUNCT NOUN PUNCT PART VERB SCONJ ADV,8
D28,SRC03,37,D28_P037_SEC_10_6_PAR007,D28_SEC_10_6,10.6,Amendment Regulations – 51,paragraph,These reforms aimed to align regulatory oversight with evolving market practices while improving ease of compliance .,These/DT;reforms/NNS;aimed/VBN;to/TO;align/VB;regulatory/JJ;oversight/NN;with/IN;evolving/VBG;market/NN;practices/NNS;while/IN;improving/VBG;ease/NN;of/IN;compliance/NN;./.,DET NOUN VERB PART VERB ADJ NOUN ADP VERB NOUN NOUN SCONJ VERB NOUN ADP NOUN PUNCT,17
D29,SRC03,5,D29_P005_UNKNOWN_PAR002,D29_SEC_S04,UNKNOWN,ASIFMA.,paragraph,"VII . Contribution to various International Treaties ,","VII/NNP;./.;Contribution/NN;to/IN;various/JJ;International/NNP;Treaties/NNPS;,/,",PROPN PUNCT NOUN ADP ADJ PROPN PROPN PUNCT,8
D30,SRC03,2,D30_P002_SEC_12_2_PAR019,D30_SEC_12_2,12.2,NATIONAL INSTITUTE OF SECURITIES MARKETS,paragraph,"laundering , market products , processes , and","laundering/NN;,/,;market/NN;products/NNS;,/,;processes/NNS;,/,;and/CC",NOUN PUNCT NOUN NOUN PUNCT NOUN PUNCT CCONJ,8
D31,SRC03,5,D31_P005_SEC_13_4_2_PAR001,D31_SEC_13_4_2,13.4.2,ORGANIZATIONAL MATTERS,paragraph,account the housing rental rates over the last two decades and to institute a periodic revision mechanism .,account/VB;the/DT;housing/NN;rental/NN;rates/NNS;over/IN;the/DT;last/JJ;two/CD;decades/NNS;and/CC;to/TO;institute/VB;a/DT;periodic/JJ;revision/NN;mechanism/NN;./.,VERB DET NOUN NOUN NOUN ADP DET ADJ NUM NOUN CCONJ PART VERB DET ADJ NOUN NOUN PUNCT,18
