method,sentence_id,document_id,page_number,unit_id,token,token_index,gold_pos,predicted_pos,error_type
default_pos,POSGOLD_002,D15,12,D15_P012_SEC_15_17_PAR001,is,3,AUX,VERB,wrong_tag
default_pos,POSGOLD_004,D17,32,D17_P032_UNKNOWN_PAR002,how,3,ADV,SCONJ,wrong_tag
default_pos,POSGOLD_006,D09,27,D09_P027_SEC_4_PAR004,initiative-,13,NOUN,X,wrong_tag
default_pos,POSGOLD_008,D11,1,D11_P001_UNKNOWN_PAR003,targeted,8,ADJ,VERB,wrong_tag
default_pos,POSGOLD_009,D16,16,D16_P016_SEC_16_54_PAR001,others,8,PRON,NOUN,wrong_tag
default_pos,POSGOLD_011,D28,33,D28_P033_UNKNOWN_PAR007,Accused,6,NOUN,PROPN,wrong_tag
default_pos,POSGOLD_011,D28,33,D28_P033_UNKNOWN_PAR007,Nos,7,NOUN,PROPN,wrong_tag
default_pos,POSGOLD_013,D07,3,D07_P003_SEC_7_6_PAR002,This,0,DET,PRON,wrong_tag
default_pos,POSGOLD_014,D02,6,D02_P006_SEC_2_8_PAR001,driven,2,ADJ,VERB,wrong_tag
default_pos,POSGOLD_015,D27,5,D27_P005_SEC_9_2_1_PAR003,ID,3,NOUN,PROPN,wrong_tag
default_pos,POSGOLD_015,D27,5,D27_P005_SEC_9_2_1_PAR003,to,8,ADP,PART,wrong_tag
default_pos,POSGOLD_016,D03,59,D03_P059_SEC_3_99_PAR003,as,10,ADV,ADP,wrong_tag
default_pos,POSGOLD_018,D10,11,D10_P011_SEC_10_28_PAR002,to,11,ADP,PART,wrong_tag
default_pos,POSGOLD_018,D10,11,D10_P011_SEC_10_28_PAR002,climate,12,NOUN,VERB,wrong_tag
default_pos,POSGOLD_019,D08,34,D08_P034_SEC_8_62_PAR001,has,0,VERB,AUX,wrong_tag
default_pos,POSGOLD_019,D08,34,D08_P034_SEC_8_62_PAR001,Y,4,SYM,PROPN,wrong_tag
default_pos,POSGOLD_019,D08,34,D08_P034_SEC_8_62_PAR001,o,6,SYM,PROPN,wrong_tag
default_pos,POSGOLD_019,D08,34,D08_P034_SEC_8_62_PAR001,-,7,PUNCT,NOUN,wrong_tag
default_pos,POSGOLD_019,D08,34,D08_P034_SEC_8_62_PAR001,Y,8,SYM,ADJ,wrong_tag
default_pos,POSGOLD_019,D08,34,D08_P034_SEC_8_62_PAR001,VIII.3).63,17,SYM,PROPN,wrong_tag
default_pos,POSGOLD_020,D12,12,D12_P012_SEC_12_19_PAR001,FY25,6,NUM,PROPN,wrong_tag
default_pos,POSGOLD_021,D03,40,D03_P040_SEC_3_73_PAR001,household,0,ADJ,NOUN,wrong_tag
default_pos,POSGOLD_021,D03,40,D03_P040_SEC_3_73_PAR001,~2,5,NUM,PROPN,wrong_tag
default_pos,POSGOLD_021,D03,40,D03_P040_SEC_3_73_PAR001,FY12,9,NUM,PROPN,wrong_tag
default_pos,POSGOLD_021,D03,40,D03_P040_SEC_3_73_PAR001,FY25,16,NUM,PROPN,wrong_tag
default_pos,POSGOLD_022,D04,50,D04_P050_SEC_4_96_PAR001,resulting,6,ADJ,VERB,wrong_tag
default_pos,POSGOLD_026,D29,1,D29_P001_SEC_11_1_PAR004,Some,0,DET,PRON,wrong_tag
default_pos,POSGOLD_026,D29,1,D29_P001_SEC_11_1_PAR004,SEBI,2,PROPN,NOUN,wrong_tag
default_pos,POSGOLD_026,D29,1,D29_P001_SEC_11_1_PAR004,-,10,PUNCT,SYM,wrong_tag
default_pos,POSGOLD_026,D29,1,D29_P001_SEC_11_1_PAR004,are,12,VERB,AUX,wrong_tag
default_pos,POSGOLD_027,D13,3,D13_P003_SEC_13_7_PAR001,using,8,ADP,VERB,wrong_tag
default_pos,POSGOLD_029,D16,16,D16_P016_SEC_16_51_PAR001,when,12,ADV,SCONJ,wrong_tag
custom_rule_pos,POSGOLD_001,D31,5,D31_P005_SEC_13_4_3_PAR008,was,5,AUX,VERB,wrong_tag
custom_rule_pos,POSGOLD_002,D15,12,D15_P012_SEC_15_17_PAR001,",",1,PUNCT,X,wrong_tag
custom_rule_pos,POSGOLD_002,D15,12,D15_P012_SEC_15_17_PAR001,is,3,AUX,VERB,wrong_tag
custom_rule_pos,POSGOLD_002,D15,12,D15_P012_SEC_15_17_PAR001,.,9,PUNCT,X,wrong_tag
custom_rule_pos,POSGOLD_003,D23,3,D23_P003_SEC_5_1_PAR004,.,11,PUNCT,X,wrong_tag
custom_rule_pos,POSGOLD_004,D17,32,D17_P032_UNKNOWN_PAR002,how,3,ADV,X,wrong_tag
custom_rule_pos,POSGOLD_004,D17,32,D17_P032_UNKNOWN_PAR002,.,13,PUNCT,X,wrong_tag
custom_rule_pos,POSGOLD_005,D20,7,D20_P007_SEC_2_2_1_PAR004,.,8,PUNCT,X,wrong_tag
custom_rule_pos,POSGOLD_006,D09,27,D09_P027_SEC_4_PAR004,:,6,PUNCT,X,wrong_tag
custom_rule_pos,POSGOLD_006,D09,27,D09_P027_SEC_4_PAR004,is,8,AUX,VERB,wrong_tag
custom_rule_pos,POSGOLD_006,D09,27,D09_P027_SEC_4_PAR004,not,9,PART,ADV,wrong_tag
custom_rule_pos,POSGOLD_006,D09,27,D09_P027_SEC_4_PAR004,initiative-,13,NOUN,X,wrong_tag
custom_rule_pos,POSGOLD_007,D10,4,D10_P004_SEC_10_11_PAR001,",",3,PUNCT,X,wrong_tag
custom_rule_pos,POSGOLD_007,D10,4,D10_P004_SEC_10_11_PAR001,.,9,PUNCT,X,wrong_tag
custom_rule_pos,POSGOLD_008,D11,1,D11_P001_UNKNOWN_PAR003,have,2,AUX,VERB,wrong_tag
custom_rule_pos,POSGOLD_008,D11,1,D11_P001_UNKNOWN_PAR003,targeted,8,ADJ,VERB,wrong_tag
custom_rule_pos,POSGOLD_008,D11,1,D11_P001_UNKNOWN_PAR003,.,10,PUNCT,X,wrong_tag
custom_rule_pos,POSGOLD_009,D16,16,D16_P016_SEC_16_54_PAR001,",",6,PUNCT,X,wrong_tag
custom_rule_pos,POSGOLD_009,D16,16,D16_P016_SEC_16_54_PAR001,while,7,SCONJ,ADP,wrong_tag
custom_rule_pos,POSGOLD_009,D16,16,D16_P016_SEC_16_54_PAR001,others,8,PRON,NOUN,wrong_tag
custom_rule_pos,POSGOLD_009,D16,16,D16_P016_SEC_16_54_PAR001,.,15,PUNCT,X,wrong_tag
custom_rule_pos,POSGOLD_010,D13,25,D13_P025_SEC_13_66_PAR004,",",6,PUNCT,X,wrong_tag
custom_rule_pos,POSGOLD_010,D13,25,D13_P025_SEC_13_66_PAR004,",",8,PUNCT,X,wrong_tag
custom_rule_pos,POSGOLD_010,D13,25,D13_P025_SEC_13_66_PAR004,.,12,PUNCT,X,wrong_tag
custom_rule_pos,POSGOLD_011,D28,33,D28_P033_UNKNOWN_PAR007,",",1,PUNCT,X,wrong_tag
custom_rule_pos,POSGOLD_011,D28,33,D28_P033_UNKNOWN_PAR007,Accused,6,NOUN,PROPN,wrong_tag
custom_rule_pos,POSGOLD_011,D28,33,D28_P033_UNKNOWN_PAR007,Nos,7,NOUN,PROPN,wrong_tag
custom_rule_pos,POSGOLD_011,D28,33,D28_P033_UNKNOWN_PAR007,.,8,PUNCT,X,wrong_tag
custom_rule_pos,POSGOLD_012,D28,1,D28_P001_UNKNOWN_PAR004,",",6,PUNCT,X,wrong_tag
custom_rule_pos,POSGOLD_012,D28,1,D28_P001_UNKNOWN_PAR004,.,12,PUNCT,X,wrong_tag
custom_rule_pos,POSGOLD_013,D07,3,D07_P003_SEC_7_6_PAR002,has,1,AUX,VERB,wrong_tag
custom_rule_pos,POSGOLD_013,D07,3,D07_P003_SEC_7_6_PAR002,.,13,PUNCT,X,wrong_tag
custom_rule_pos,POSGOLD_014,D02,6,D02_P006_SEC_2_8_PAR001,-,1,PUNCT,X,wrong_tag
custom_rule_pos,POSGOLD_014,D02,6,D02_P006_SEC_2_8_PAR001,driven,2,ADJ,VERB,wrong_tag
custom_rule_pos,POSGOLD_014,D02,6,D02_P006_SEC_2_8_PAR001,-,7,PUNCT,X,wrong_tag
custom_rule_pos,POSGOLD_014,D02,6,D02_P006_SEC_2_8_PAR001,.,15,PUNCT,X,wrong_tag
custom_rule_pos,POSGOLD_015,D27,5,D27_P005_SEC_9_2_1_PAR003,ID,3,NOUN,PROPN,wrong_tag
custom_rule_pos,POSGOLD_015,D27,5,D27_P005_SEC_9_2_1_PAR003,to,8,ADP,PART,wrong_tag
custom_rule_pos,POSGOLD_015,D27,5,D27_P005_SEC_9_2_1_PAR003,:,11,PUNCT,X,wrong_tag
custom_rule_pos,POSGOLD_016,D03,59,D03_P059_SEC_3_99_PAR003,as,10,ADV,ADP,wrong_tag
custom_rule_pos,POSGOLD_016,D03,59,D03_P059_SEC_3_99_PAR003,.,14,PUNCT,X,wrong_tag
custom_rule_pos,POSGOLD_017,D17,28,D17_P028_UNKNOWN_PAR005,.,14,PUNCT,X,wrong_tag
custom_rule_pos,POSGOLD_018,D10,11,D10_P011_SEC_10_28_PAR002,",",1,PUNCT,X,wrong_tag
custom_rule_pos,POSGOLD_018,D10,11,D10_P011_SEC_10_28_PAR002,while,7,SCONJ,ADP,wrong_tag
custom_rule_pos,POSGOLD_018,D10,11,D10_P011_SEC_10_28_PAR002,to,11,ADP,PART,wrong_tag
custom_rule_pos,POSGOLD_018,D10,11,D10_P011_SEC_10_28_PAR002,climate,12,NOUN,VERB,wrong_tag
custom_rule_pos,POSGOLD_018,D10,11,D10_P011_SEC_10_28_PAR002,.,17,PUNCT,X,wrong_tag
custom_rule_pos,POSGOLD_019,D08,34,D08_P034_SEC_8_62_PAR001,Y,4,SYM,PROPN,wrong_tag
custom_rule_pos,POSGOLD_019,D08,34,D08_P034_SEC_8_62_PAR001,-,5,PUNCT,X,wrong_tag
custom_rule_pos,POSGOLD_019,D08,34,D08_P034_SEC_8_62_PAR001,o,6,SYM,PROPN,wrong_tag
custom_rule_pos,POSGOLD_019,D08,34,D08_P034_SEC_8_62_PAR001,-,7,PUNCT,NOUN,wrong_tag
custom_rule_pos,POSGOLD_019,D08,34,D08_P034_SEC_8_62_PAR001,Y,8,SYM,ADJ,wrong_tag
custom_rule_pos,POSGOLD_019,D08,34,D08_P034_SEC_8_62_PAR001,(,15,PUNCT,X,wrong_tag
custom_rule_pos,POSGOLD_019,D08,34,D08_P034_SEC_8_62_PAR001,VIII.3).63,17,SYM,PROPN,wrong_tag
custom_rule_pos,POSGOLD_020,D12,12,D12_P012_SEC_12_19_PAR001,FY25,6,NUM,PROPN,wrong_tag
custom_rule_pos,POSGOLD_020,D12,12,D12_P012_SEC_12_19_PAR001,have,8,AUX,VERB,wrong_tag
custom_rule_pos,POSGOLD_020,D12,12,D12_P012_SEC_12_19_PAR001,.,16,PUNCT,X,wrong_tag
custom_rule_pos,POSGOLD_021,D03,40,D03_P040_SEC_3_73_PAR001,household,0,ADJ,NOUN,wrong_tag
custom_rule_pos,POSGOLD_021,D03,40,D03_P040_SEC_3_73_PAR001,~2,5,NUM,PROPN,wrong_tag
custom_rule_pos,POSGOLD_021,D03,40,D03_P040_SEC_3_73_PAR001,FY12,9,NUM,PROPN,wrong_tag
custom_rule_pos,POSGOLD_021,D03,40,D03_P040_SEC_3_73_PAR001,FY25,16,NUM,PROPN,wrong_tag
custom_rule_pos,POSGOLD_022,D04,50,D04_P050_SEC_4_96_PAR001,-,1,PUNCT,X,wrong_tag
custom_rule_pos,POSGOLD_022,D04,50,D04_P050_SEC_4_96_PAR001,resulting,6,ADJ,VERB,wrong_tag
custom_rule_pos,POSGOLD_022,D04,50,D04_P050_SEC_4_96_PAR001,.,10,PUNCT,X,wrong_tag
custom_rule_pos,POSGOLD_023,D07,15,D07_P015_SEC_7_21_PAR001,is,5,AUX,VERB,wrong_tag
custom_rule_pos,POSGOLD_023,D07,15,D07_P015_SEC_7_21_PAR001,",",12,PUNCT,X,wrong_tag
custom_rule_pos,POSGOLD_024,D14,29,D14_P029_SEC_14_68_PAR001,be,8,AUX,VERB,wrong_tag
custom_rule_pos,POSGOLD_024,D14,29,D14_P029_SEC_14_68_PAR001,.,13,PUNCT,X,wrong_tag
custom_rule_pos,POSGOLD_025,D02,30,D02_P030_UNKNOWN_PAR002,have,3,AUX,VERB,wrong_tag
custom_rule_pos,POSGOLD_025,D02,30,D02_P030_UNKNOWN_PAR002,-,5,PUNCT,X,wrong_tag
custom_rule_pos,POSGOLD_025,D02,30,D02_P030_UNKNOWN_PAR002,in,6,ADP,PART,wrong_tag
custom_rule_pos,POSGOLD_025,D02,30,D02_P030_UNKNOWN_PAR002,.,11,PUNCT,X,wrong_tag
custom_rule_pos,POSGOLD_026,D29,1,D29_P001_SEC_11_1_PAR004,SEBI,2,PROPN,NOUN,wrong_tag
custom_rule_pos,POSGOLD_026,D29,1,D29_P001_SEC_11_1_PAR004,-,10,PUNCT,SYM,wrong_tag
custom_rule_pos,POSGOLD_026,D29,1,D29_P001_SEC_11_1_PAR004,:,15,PUNCT,X,wrong_tag
custom_rule_pos,POSGOLD_027,D13,3,D13_P003_SEC_13_7_PAR001,are,5,AUX,VERB,wrong_tag
custom_rule_pos,POSGOLD_027,D13,3,D13_P003_SEC_13_7_PAR001,using,8,ADP,VERB,wrong_tag
custom_rule_pos,POSGOLD_027,D13,3,D13_P003_SEC_13_7_PAR001,.,14,PUNCT,X,wrong_tag
custom_rule_pos,POSGOLD_028,D19,2,D19_P002_UNKNOWN_PAR004,be,6,AUX,VERB,wrong_tag
custom_rule_pos,POSGOLD_028,D19,2,D19_P002_UNKNOWN_PAR004,.,11,PUNCT,X,wrong_tag
custom_rule_pos,POSGOLD_029,D16,16,D16_P016_SEC_16_51_PAR001,",",2,PUNCT,X,wrong_tag
custom_rule_pos,POSGOLD_029,D16,16,D16_P016_SEC_16_51_PAR001,",",5,PUNCT,X,wrong_tag
custom_rule_pos,POSGOLD_029,D16,16,D16_P016_SEC_16_51_PAR001,when,12,ADV,X,wrong_tag
custom_rule_pos,POSGOLD_029,D16,16,D16_P016_SEC_16_51_PAR001,.,15,PUNCT,X,wrong_tag
custom_rule_pos,POSGOLD_030,D06,10,D06_P010_SEC_6_16_PAR001,",",1,PUNCT,X,wrong_tag
custom_rule_pos,POSGOLD_030,D06,10,D06_P010_SEC_6_16_PAR001,.,15,PUNCT,X,wrong_tag
