example,category,bpe_tokens,bpe_token_count,is_single_token,pieces_rejoined,byte_level_marked
the,common,the,1,true,the,true
growth,common,growth,1,true,growth,true
market,common,market,1,true,market,true
investment,common,investment,1,true,investment,true
government,common,government,1,true,government,true
inflation,financial,inflation,1,true,inflation,true
disinflation,financial,dis;inflation,2,false,disinflation,true
securitisation,financial,s;ecur;iti;sation,4,false,securitisation,true
demonetisation,financial,d;em;on;eti;sation,5,false,demonetisation,true
refinancing,financial,re;fin;ancing,3,false,refinancing,true
macroeconomic,financial,m;acro;economic,3,false,macroeconomic,true
unemployment,financial,un;employment,2,false,unemployment,true
capitalisation,financial,cap;ital;isation,3,false,capitalisation,true
financialisation,financial,financial;isation,2,false,financialisation,true
repo,financial,rep;o,2,false,repo,true
repo-rate,financial,rep;o;-;rate,4,false,repo-rate,true
fiscal,financial,f;iscal,2,false,fiscal,true
GDP,abbreviation,GDP,1,true,GDP,true
GVA,abbreviation,G;VA,2,false,GVA,true
CPI,abbreviation,C;PI,2,false,CPI,true
WPI,abbreviation,W;PI,2,false,WPI,true
FDI,abbreviation,F;DI,2,false,FDI,true
RBI,abbreviation,R;BI,2,false,RBI,true
SEBI,abbreviation,SEBI,1,true,SEBI,true
IMF,abbreviation,I;MF,2,false,IMF,true
7.4%,number_date,7;.;4;%,4,false,7.4%,true
"1,25,000",number_date,"1;,;25;,;000",5,false,"1,25,000",true
FY2025-26,number_date,FY;2025;-;26,4,false,FY2025-26,true
2024-25,number_date,2024;-;25,3,false,2024-25,true
