document_id,source_id,page_number,unit_id,section_id,section_number,section_title,original_text,original,original_token_count,tokenized_hybrid,tokenized_hybrid_token_count,stopword_removed,stopword_removed_token_count,stemmed_after_stopwords,stemmed_after_stopwords_token_count,lemmatized_after_stopwords,lemmatized_after_stopwords_token_count
D01,SRC01,3,D01_P003_SEC_1_3_PAR001,D01_SEC_1_3,1.3,GLOBAL ECONOMIC GROWTH – FRAGILE AND DIVERGING,"1.3. Globally, the shift from aggressive monetary policy tightening to a neutral or accommodative stance is still underway. However, the aforementioned variance in growth-inflation dynamics has led to divergent trajectories of central bank policy rates across these economies (Charts I.1 and I.2). This has implications for capital flows as fund houses trot the globe in search of higher yields.","1.3 . Globally , the shift from aggressive monetary policy tightening to a neutral or accommodative stance is still underway . However , the aforementioned variance in growth-inflation dynamics has led to divergent trajectories of central bank policy rates across these economies ( Charts I. 1 and I. 2 ) . This has implications for capital flows as fund houses trot the globe in search of higher yields .",69,"1.3 . Globally , the shift from aggressive monetary policy tightening to a neutral or accommodative stance is still underway . However , the aforementioned variance in growth-inflation dynamics has led to divergent trajectories of central bank policy rates across these economies ( Charts I. 1 and I. 2 ) . This has implications for capital flows as fund houses trot the globe in search of higher yields .",69,"1.3 . Globally , shift aggressive monetary policy tightening neutral accommodative stance underway . , aforementioned variance growth-inflation dynamics led divergent trajectories central bank policy rates economies ( Charts I. 1 I. 2 ) . implications capital flows fund houses trot globe search higher yields .",46,"1.3 . global , shift aggress monetari polici tighten neutral accommod stanc underway . , aforement varianc growth-infl dynam led diverg trajectori central bank polici rate economi ( chart i. 1 i. 2 ) . implic capit flow fund hous trot globe search higher yield .",46,"1.3 . Globally , shift aggressive monetary policy tighten neutral accommodative stance underway . , aforementioned variance growth-inflation dynamic lead divergent trajectory central bank policy rate economy ( chart I. 1 I. 2 ) . implication capital flow fund house trot globe search high yield .",46
D01,SRC01,7,D01_P007_SEC_1_6_PAR009,D01_SEC_1_6,1.6,GLOBAL ECONOMIC GROWTH – FRAGILE AND DIVERGING,"• Dual-use and critical mineral export restrictions: China has tightened export licensing and controls on key rare earth elements and permanent magnet materials essential for defence, electronics, and energy transitions. In early 2026, China banned certain dual-use item exports to Japan, including materials crucial to the automotive and technology sectors, in response to diplomatic tensions.9","• Dual-use and critical mineral export restrictions : China has tightened export licensing and controls on key rare earth elements and permanent magnet materials essential for defence , electronics , and energy transitions . In early 2026 , China banned certain dual-use item exports to Japan , including materials crucial to the automotive and technology sectors , in response to diplomatic tensions. 9",63,"• Dual-use and critical mineral export restrictions : China has tightened export licensing and controls on key rare earth elements and permanent magnet materials essential for defence , electronics , and energy transitions . In early 2026 , China banned certain dual-use item exports to Japan , including materials crucial to the automotive and technology sectors , in response to diplomatic tensions. 9",63,"• Dual-use critical mineral export restrictions : China tightened export licensing controls key rare earth elements permanent magnet materials essential defence , electronics , energy transitions . early 2026 , China banned certain dual-use item exports Japan , including materials crucial automotive technology sectors , response diplomatic tensions. 9",49,"• dual-us critic miner export restrict : china tighten export licens control key rare earth element perman magnet materi essenti defenc , electron , energi transit . earli 2026 , china ban certain dual-us item export japan , includ materi crucial automot technolog sector , respons diplomat tensions. 9",49,"• Dual-use critical mineral export restriction : China tighten export license control key rare earth element permanent magnet material essential defence , electronic , energy transition . early 2026 , China ban certain dual-use item export Japan , include material crucial automotive technology sector , response diplomatic tensions. 9",49
D01,SRC01,18,D01_P018_SEC_1_25_PAR001,D01_SEC_1_25,1.25,TRENDS IN THE DOMESTIC ECONOMY,"1.25. Within the service sector, all sub-segments have grown past 9 per cent, save for the heavily Covid-impacted ‘trade, hospitality, transport, communication and related services’, which is still 50 basis points away from the pre-pandemic average.","1.25 . Within the service sector , all sub-segments have grown past 9 per cent , save for the heavily Covid-impacted ' trade , hospitality , transport , communication and related services ' , which is still 50 basis points away from the pre-pandemic average .",44,"1.25 . Within the service sector , all sub-segments have grown past 9 per cent , save for the heavily Covid-impacted ' trade , hospitality , transport , communication and related services ' , which is still 50 basis points away from the pre-pandemic average .",44,"1.25 . service sector , sub-segments grown past 9 per cent , save heavily Covid-impacted ' trade , hospitality , transport , communication related services ' , 50 basis points away pre-pandemic average .",32,"1.25 . servic sector , sub-seg grown past 9 per cent , save heavili covid-impact ' trade , hospit , transport , commun relat servic ' , 50 basi point away pre-pandem averag .",32,"1.25 . service sector , sub-segments grow past 9 per cent , save heavily Covid-impacted ' trade , hospitality , transport , communication relate service ' , 50 basis point away pre-pandemic average .",32
D01,SRC01,22,D01_P022_SEC_1_28_PAR009,D01_SEC_1_28,1.28,Methodology,"A major milestone is the rebasing of National accounts to 2022-23, scheduled for release on 27 February 2026. The new series incorporates the generation of key data sources for benchmark revisions through surveys and studies, methodological improvements, wider use of administrative data, and better coverage of the informal sector through regular use of updated survey data.","A major milestone is the rebasing of National accounts to 2022-23 , scheduled for release on 27 February 2026 . The new series incorporates the generation of key data sources for benchmark revisions through surveys and studies , methodological improvements , wider use of administrative data , and better coverage of the informal sector through regular use of updated survey data .",60,"A major milestone is the rebasing of National accounts to 2022-23 , scheduled for release on 27 February 2026 . The new series incorporates the generation of key data sources for benchmark revisions through surveys and studies , methodological improvements , wider use of administrative data , and better coverage of the informal sector through regular use of updated survey data .",60,"major milestone rebasing National accounts 2022-23 , scheduled release 27 February 2026 . new series incorporates generation key data sources benchmark revisions surveys studies , methodological improvements , wider use administrative data , better coverage informal sector regular use updated survey data .",41,"major mileston rebas nation account 2022-23 , schedul releas 27 february 2026 . new seri incorpor gener key data sourc benchmark revis survey studi , methodolog improv , wider use administr data , better coverag inform sector regular use updat survey data .",41,"major milestone rebasing National account 2022-23 , schedule release 27 February 2026 . new series incorporate generation key datum source benchmark revision survey study , methodological improvement , wide use administrative datum , well coverage informal sector regular use update survey datum .",41
D01,SRC01,27,D01_P027_SEC_1_36_PAR001,D01_SEC_1_36,1.36,Methodology,"1.36. Within the capital account, gross FDI inflows continued to rise significantly, growing by 16.1 per cent YoY in April-November 2025. While repatriation flows have","1.36 . Within the capital account , gross FDI inflows continued to rise significantly , growing by 16.1 per cent YoY in April- November 2025 . While repatriation flows have",27,"1.36 . Within the capital account , gross FDI inflows continued to rise significantly , growing by 16.1 per cent YoY in April- November 2025 . While repatriation flows have",27,"1.36 . capital account , gross FDI inflows continued rise significantly , growing 16.1 per cent YoY April- November 2025 . repatriation flows",20,"1.36 . capit account , gross fdi inflow continu rise significantli , grow 16.1 per cent yoy april- november 2025 . repatri flow",20,"1.36 . capital account , gross FDI inflow continue rise significantly , grow 16.1 per cent YoY April- November 2025 . repatriation flow",20
D01,SRC01,33,D01_P033_SEC_1_PAR002,D01_SEC_1,1,Capital stock growth highlights investment revival and capacity expansion,"Looking ahead, as post-pandemic uncertainty continues to ease, capital stock growth is expected to return to at least its pre-COVID average. This assumption incorporates a modest and conservative upward adjustment relative to recent years, reflecting improved capital efficiency and gradual crowd-in effects from sustained public investment and ongoing reforms.","Looking ahead , as post-pandemic uncertainty continues to ease , capital stock growth is expected to return to at least its pre-COVID average . This assumption incorporates a modest and conservative upward adjustment relative to recent years , reflecting improved capital efficiency and gradual crowd-in effects from sustained public investment and ongoing reforms .",54,"Looking ahead , as post-pandemic uncertainty continues to ease , capital stock growth is expected to return to at least its pre-COVID average . This assumption incorporates a modest and conservative upward adjustment relative to recent years , reflecting improved capital efficiency and gradual crowd-in effects from sustained public investment and ongoing reforms .",54,"Looking ahead , post-pandemic uncertainty continues ease , capital stock growth expected return pre-COVID average . assumption incorporates modest conservative upward adjustment relative recent years , reflecting improved capital efficiency gradual crowd-in effects sustained public investment ongoing reforms .",39,"look ahead , post-pandem uncertainti continu eas , capit stock growth expect return pre-covid averag . assumpt incorpor modest conserv upward adjust rel recent year , reflect improv capit effici gradual crowd-in effect sustain public invest ongo reform .",39,"look ahead , post-pandemic uncertainty continue ease , capital stock growth expect return pre-COVID average . assumption incorporate modest conservative upward adjustment relative recent year , reflect improve capital efficiency gradual crowd-in effect sustain public investment ongoing reform .",39
D01,SRC01,17,D01_T006,D01_SEC_1_22,1.22,TRENDS IN THE DOMESTIC ECONOMY,Sector | Indicators | Q1 FY26 | Q2 FY26 | Q3 FY26 | Monthly Avg  | YoY Growth  | (FY16-FY20) | E-way bill generation | 20.5 | 23.1 | 19.4 | 16.6$ | IIP* | 2.0 | 4.3 | 3.6 | 3.1 | 8-Core Industries | 1.5 | 4.5 | 1.9 | 3.5 | PMI Manufacturing^ | 58.1 | 58.7 | 56.9 | 51.9 | Industry | Steel Consumption | 7.8 | 8.5 | 3.9 | 5.7 | Cement Production | 8.0 | 7.3 | 11.1 | 4.7 | IIP: Infra/  | construction goods* | 6.0 | 11.6 | 9.5 | 3.3 | Construction,Sector Indicators Q1 FY26 Q2 FY26 Q3 FY26 Monthly Avg YoY Growth ( FY16 - FY20 ) E-way bill generation 20.5 23.1 19.4 16.6 $ IIP * 2.0 4.3 3.6 3.1 8 -Core Industries 1.5 4.5 1.9 3.5 PMI Manufacturing^ 58.1 58.7 56.9 51.9 Industry Steel Consumption 7.8 8.5 3.9 5.7 Cement Production 8.0 7.3 11.1 4.7 IIP : Infra/ construction goods * 6.0 11.6 9.5 3.3 Construction,65,Sector Indicators Q1 FY26 Q2 FY26 Q3 FY26 Monthly Avg YoY Growth ( FY16 - FY20 ) E-way bill generation 20.5 23.1 19.4 16.6 $ IIP * 2.0 4.3 3.6 3.1 8 -Core Industries 1.5 4.5 1.9 3.5 PMI Manufacturing^ 58.1 58.7 56.9 51.9 Industry Steel Consumption 7.8 8.5 3.9 5.7 Cement Production 8.0 7.3 11.1 4.7 IIP : Infra/ construction goods * 6.0 11.6 9.5 3.3 Construction,65,Sector Indicators Q1 FY26 Q2 FY26 Q3 FY26 Monthly Avg YoY Growth ( FY16 - FY20 ) E-way bill generation 20.5 23.1 19.4 16.6 $ IIP * 2.0 4.3 3.6 3.1 8 -Core Industries 1.5 4.5 1.9 3.5 PMI Manufacturing^ 58.1 58.7 56.9 51.9 Industry Steel Consumption 7.8 8.5 3.9 5.7 Cement Production 8.0 7.3 11.1 4.7 IIP : Infra/ construction goods * 6.0 11.6 9.5 3.3 Construction,65,sector indic q1 fy26 q2 fy26 q3 fy26 monthli avg yoy growth ( fy16 - fy20 ) e-way bill gener 20.5 23.1 19.4 16.6 $ iip * 2.0 4.3 3.6 3.1 8 -core industri 1.5 4.5 1.9 3.5 pmi manufacturing^ 58.1 58.7 56.9 51.9 industri steel consumpt 7.8 8.5 3.9 5.7 cement product 8.0 7.3 11.1 4.7 iip : infra/ construct good * 6.0 11.6 9.5 3.3 construct,65,Sector indicator Q1 FY26 Q2 FY26 Q3 FY26 Monthly Avg YoY Growth ( FY16 - FY20 ) E-way bill generation 20.5 23.1 19.4 16.6 $ IIP * 2.0 4.3 3.6 3.1 8 -Core industry 1.5 4.5 1.9 3.5 PMI Manufacturing^ 58.1 58.7 56.9 51.9 Industry Steel Consumption 7.8 8.5 3.9 5.7 Cement Production 8.0 7.3 11.1 4.7 IIP : Infra/ construction good * 6.0 11.6 9.5 3.3 Construction,65
D02,SRC01,9,D02_P009_UNKNOWN_PAR004,D02_SEC_S21,UNKNOWN,Fiscal Developments,"• GST rates on key fertiliser inputs such as Sulphuric acid, Nitric acid and Ammonia slashed to 5 per cent from 18 per cent.","• GST rates on key fertiliser inputs such as Sulphuric acid , Nitric acid and Ammonia slashed to 5 per cent from 18 per cent .",22,"• GST rates on key fertiliser inputs such as Sulphuric acid , Nitric acid and Ammonia slashed to 5 per cent from 18 per cent .",22,"• GST rates key fertiliser inputs Sulphuric acid , Nitric acid Ammonia slashed 5 per cent 18 per cent .",16,"• gst rate key fertilis input sulphur acid , nitric acid ammonia slash 5 per cent 18 per cent .",16,"• GST rate key fertiliser input Sulphuric acid , Nitric acid Ammonia slash 5 per cent 18 per cent .",16
D02,SRC01,10,D02_P010_UNKNOWN_PAR004,D02_SEC_S26,UNKNOWN,Equipment,"• Hotel accommodation services (value less than or equal to ₹7,500 per unit per day) to be subject to lower GST of 5 per cent from 12 per cent earlier.","• Hotel accommodation services ( value less than or equal to ₹7,500 per unit per day ) to be subject to lower GST of 5 per cent from 12 per cent earlier .",29,"• Hotel accommodation services ( value less than or equal to ₹7,500 per unit per day ) to be subject to lower GST of 5 per cent from 12 per cent earlier .",29,"• Hotel accommodation services ( value equal ₹7,500 unit day ) subject lower GST 5 per cent 12 per cent earlier .",18,"• hotel accommod servic ( valu equal ₹7,500 unit day ) subject lower gst 5 per cent 12 per cent earlier .",18,"• Hotel accommodation service ( value equal ₹7,500 unit day ) subject low GST 5 per cent 12 per cent early .",18
D02,SRC01,17,D02_P017_UNKNOWN_PAR002,D02_SEC_S45,UNKNOWN,Fiscal Developments,SNA-SPARSH (Single Nodal Account-Samyochit Pranali Ekikrit Shighra Hastantaran) for Centrally Sponsored Schemes (CSS) and the Treasury Single Account (TSA) and TSA Hybrid models for Central Sector (CS) schemes.,SNA-SPARSH ( Single Nodal Account-Samyochit Pranali Ekikrit Shighra Hastantaran ) for Centrally Sponsored Schemes ( CSS ) and the Treasury Single Account ( TSA ) and TSA Hybrid models for Central Sector ( CS ) schemes .,37,SNA-SPARSH ( Single Nodal Account-Samyochit Pranali Ekikrit Shighra Hastantaran ) for Centrally Sponsored Schemes ( CSS ) and the Treasury Single Account ( TSA ) and TSA Hybrid models for Central Sector ( CS ) schemes .,37,SNA-SPARSH ( Single Nodal Account-Samyochit Pranali Ekikrit Shighra Hastantaran ) Centrally Sponsored Schemes ( CSS ) Treasury Single Account ( TSA ) TSA Hybrid models Central Sector ( CS ) schemes .,32,sna-sparsh ( singl nodal account-samyochit pranali ekikrit shighra hastantaran ) central sponsor scheme ( css ) treasuri singl account ( tsa ) tsa hybrid model central sector ( cs ) scheme .,32,SNA-SPARSH ( Single Nodal Account-Samyochit Pranali Ekikrit Shighra Hastantaran ) Centrally sponsor scheme ( CSS ) Treasury Single Account ( TSA ) TSA Hybrid model Central Sector ( c ) scheme .,32
D02,SRC01,25,D02_P025_UNKNOWN_PAR003,D02_SEC_S61,UNKNOWN,Notes:,"2. SOTR stands for States’ Own Tax Revenue, SCT- Share in Central Taxes, SONTR- States’ Own Non-Tax Revenue, GIA- Grants-in-Aid, TRR- Total Revenue Receipts.","2 . SOTR stands for States ' Own Tax Revenue , SCT- Share in Central Taxes , SONTR- States ' Own Non-Tax Revenue , GIA- Grants-in-Aid , TRR- Total Revenue Receipts .",32,"2 . SOTR stands for States ' Own Tax Revenue , SCT- Share in Central Taxes , SONTR- States ' Own Non-Tax Revenue , GIA- Grants-in-Aid , TRR- Total Revenue Receipts .",32,"2 . SOTR stands States ' Tax Revenue , SCT- Share Central Taxes , SONTR- States ' Non-Tax Revenue , GIA- Grants-in-Aid , TRR- Total Revenue Receipts .",28,"2 . sotr stand state ' tax revenu , sct- share central tax , sontr- state ' non-tax revenu , gia- grants-in-aid , trr- total revenu receipt .",28,"2 . SOTR stand state ' Tax Revenue , SCT- Share Central taxis , SONTR- state ' Non-Tax Revenue , GIA- grant-in-aid , TRR- Total Revenue receipt .",28
D02,SRC01,34,D02_P034_SEC_2_45_PAR001,D02_SEC_2_45,2.45,Central Government Debt,"2.45 Fresh debt issuance has been carefully calibrated to meet financing needs while considering the absorptive capacity of the market and containing the borrowing costs. Marketable securities, including dated securities and treasury bills, form the bulk of","2.45 Fresh debt issuance has been carefully calibrated to meet financing needs while considering the absorptive capacity of the market and containing the borrowing costs . Marketable securities , including dated securities and treasury bills , form the bulk of",40,"2.45 Fresh debt issuance has been carefully calibrated to meet financing needs while considering the absorptive capacity of the market and containing the borrowing costs . Marketable securities , including dated securities and treasury bills , form the bulk of",40,"2.45 Fresh debt issuance carefully calibrated meet financing needs considering absorptive capacity market containing borrowing costs . Marketable securities , including dated securities treasury bills , form bulk",28,"2.45 fresh debt issuanc care calibr meet financ need consid absorpt capac market contain borrow cost . market secur , includ date secur treasuri bill , form bulk",28,"2.45 Fresh debt issuance carefully calibrate meet finance need consider absorptive capacity market contain borrow cost . Marketable security , include date security treasury bill , form bulk",28
