term,in_standard_stopword_list,in_domain_aware_stopword_list,corpus_occurrences,occurrences_removed_by_standard,occurrences_removed_by_domain_aware,documents_affected,outcome,rationale
bank,false,false,147,0,0,124,preserved,protected: expresses modality/time/causality or is a financial domain noun used as a query term
banking,false,false,40,0,0,37,preserved,protected: expresses modality/time/causality or is a financial domain noun used as a query term
banks,false,false,131,0,0,104,preserved,protected: expresses modality/time/causality or is a financial domain noun used as a query term
budget,false,false,76,0,0,59,preserved,protected: expresses modality/time/causality or is a financial domain noun used as a query term
can,true,false,567,567,0,447,removed_by_standard_only,protected: expresses modality/time/causality or is a financial domain noun used as a query term
capital,false,false,544,0,0,418,preserved,protected: expresses modality/time/causality or is a financial domain noun used as a query term
credit,false,false,293,0,0,201,preserved,protected: expresses modality/time/causality or is a financial domain noun used as a query term
debt,false,false,198,0,0,139,preserved,protected: expresses modality/time/causality or is a financial domain noun used as a query term
demand,false,false,213,0,0,183,preserved,protected: expresses modality/time/causality or is a financial domain noun used as a query term
economic,false,false,448,0,0,357,preserved,protected: expresses modality/time/causality or is a financial domain noun used as a query term
economy,false,false,251,0,0,222,preserved,protected: expresses modality/time/causality or is a financial domain noun used as a query term
exports,false,false,206,0,0,125,preserved,protected: expresses modality/time/causality or is a financial domain noun used as a query term
finance,false,false,174,0,0,133,preserved,protected: expresses modality/time/causality or is a financial domain noun used as a query term
financial,false,false,662,0,0,478,preserved,protected: expresses modality/time/causality or is a financial domain noun used as a query term
fiscal,false,false,226,0,0,128,preserved,protected: expresses modality/time/causality or is a financial domain noun used as a query term
growth,false,false,727,0,0,519,preserved,protected: expresses modality/time/causality or is a financial domain noun used as a query term
imports,false,false,68,0,0,51,preserved,protected: expresses modality/time/causality or is a financial domain noun used as a query term
income,false,false,137,0,0,102,preserved,protected: expresses modality/time/causality or is a financial domain noun used as a query term
inflation,false,false,197,0,0,88,preserved,protected: expresses modality/time/causality or is a financial domain noun used as a query term
investment,false,false,504,0,0,376,preserved,protected: expresses modality/time/causality or is a financial domain noun used as a query term
investments,false,false,159,0,0,139,preserved,protected: expresses modality/time/causality or is a financial domain noun used as a query term
market,false,false,660,0,0,501,preserved,protected: expresses modality/time/causality or is a financial domain noun used as a query term
markets,false,false,285,0,0,243,preserved,protected: expresses modality/time/causality or is a financial domain noun used as a query term
may,false,true,182,0,182,160,removed_by_both,protected: expresses modality/time/causality or is a financial domain noun used as a query term
monetary,false,false,84,0,0,75,preserved,protected: expresses modality/time/causality or is a financial domain noun used as a query term
policies,false,false,81,0,0,76,preserved,protected: expresses modality/time/causality or is a financial domain noun used as a query term
policy,false,false,449,0,0,374,preserved,protected: expresses modality/time/causality or is a financial domain noun used as a query term
price,false,false,167,0,0,109,preserved,protected: expresses modality/time/causality or is a financial domain noun used as a query term
prices,false,false,155,0,0,105,preserved,protected: expresses modality/time/causality or is a financial domain noun used as a query term
rate,false,false,173,0,0,135,preserved,protected: expresses modality/time/causality or is a financial domain noun used as a query term
rates,false,false,103,0,0,80,preserved,protected: expresses modality/time/causality or is a financial domain noun used as a query term
return,false,false,35,0,0,29,preserved,protected: expresses modality/time/causality or is a financial domain noun used as a query term
returns,false,false,42,0,0,37,preserved,protected: expresses modality/time/causality or is a financial domain noun used as a query term
risk,false,false,233,0,0,192,preserved,protected: expresses modality/time/causality or is a financial domain noun used as a query term
risks,false,false,153,0,0,135,preserved,protected: expresses modality/time/causality or is a financial domain noun used as a query term
sector,false,false,570,0,0,429,preserved,protected: expresses modality/time/causality or is a financial domain noun used as a query term
sectors,false,false,197,0,0,172,preserved,protected: expresses modality/time/causality or is a financial domain noun used as a query term
shall,false,true,23,0,23,18,removed_by_both,protected: expresses modality/time/causality or is a financial domain noun used as a query term
supply,false,false,174,0,0,154,preserved,protected: expresses modality/time/causality or is a financial domain noun used as a query term
tax,false,false,171,0,0,102,preserved,protected: expresses modality/time/causality or is a financial domain noun used as a query term
taxes,false,false,35,0,0,28,preserved,protected: expresses modality/time/causality or is a financial domain noun used as a query term
trade,false,false,360,0,0,220,preserved,protected: expresses modality/time/causality or is a financial domain noun used as a query term
will,true,false,300,300,0,234,removed_by_standard_only,protected: expresses modality/time/causality or is a financial domain noun used as a query term
