term,in_standard_stopword_list,in_domain_aware_stopword_list,corpus_occurrences,occurrences_removed_by_standard,occurrences_removed_by_domain_aware,outcome
bank,false,false,145,0,0,preserved
banking,false,false,40,0,0,preserved
banks,false,false,131,0,0,preserved
budget,false,false,77,0,0,preserved
can,true,false,566,566,0,removed_by_standard_only
capital,false,false,542,0,0,preserved
credit,false,false,294,0,0,preserved
debt,false,false,198,0,0,preserved
demand,false,false,212,0,0,preserved
economic,false,false,449,0,0,preserved
economy,false,false,253,0,0,preserved
exports,false,false,207,0,0,preserved
finance,false,false,174,0,0,preserved
financial,false,false,662,0,0,preserved
fiscal,false,false,225,0,0,preserved
growth,false,false,724,0,0,preserved
imports,false,false,69,0,0,preserved
income,false,false,141,0,0,preserved
inflation,false,false,197,0,0,preserved
investment,false,false,506,0,0,preserved
investments,false,false,159,0,0,preserved
market,false,false,661,0,0,preserved
markets,false,false,285,0,0,preserved
may,true,true,182,182,182,removed_by_both
monetary,false,false,84,0,0,preserved
policies,false,false,82,0,0,preserved
policy,false,false,454,0,0,preserved
price,false,false,168,0,0,preserved
prices,false,false,154,0,0,preserved
rate,false,false,173,0,0,preserved
rates,false,false,103,0,0,preserved
return,false,false,35,0,0,preserved
returns,false,false,42,0,0,preserved
risk,false,false,233,0,0,preserved
risks,false,false,153,0,0,preserved
sector,false,false,567,0,0,preserved
sectors,false,false,196,0,0,preserved
shall,false,true,23,0,23,removed_by_both
supply,false,false,176,0,0,preserved
tax,false,false,172,0,0,preserved
taxes,false,false,35,0,0,preserved
trade,false,false,366,0,0,preserved
will,true,false,300,300,0,removed_by_standard_only
