category,class,expressions_detected,expressions_intact_after_standard_tokenization,intact_rate_percent,typed_component_tokens,tokens_equal_to_whole_expression
currency_amount,number,1034,32,3.09,2594,0
day_month,date,222,0,0,0,0
day_month_year,date,126,0,0,375,0
decimal_number,number,6059,1937,31.97,0,0
fiscal_year,date,698,292,41.83,1314,0
fiscal_year_range,date,7,1,14.29,21,0
grouped_number,number,2050,298,14.54,0,0
integer,number,31065,2107,6.78,0,0
month_year,date,601,1,0.17,856,0
percentage,number,2229,0,0,4448,0
quarter,date,85,24,28.24,133,49
scaled_magnitude,number,1146,0,0,712,0
slash_date,date,5,2,40,0,0
year,date,3420,1184,34.62,0,0
year_range,date,1179,535,45.38,2354,0
TOTAL,summary,49926,6413,12.85,27718,14960
