document_id,source_id,page_number,unit_id,section_id,section_number,section_title,unit_type,tokenizer,original_text,tokens,token_count
D02,SRC01,39,D02_P039_UNKNOWN_PAR004,D02_SEC_S93,UNKNOWN,Fiscal Developments,paragraph,hybrid,Pbt = dt-1 + yvart + gvart + dummyt + εt,Pbt;=;dt;-1;+;yvart;+;gvart;+;dummyt;+;εt,12
D27,SRC03,5,D27_P005_SEC_2_0_PAR001,D27_SEC_2_0,2.0,TECHNOLOGY,paragraph,hybrid,"2.0 Portal, which required manual download of","2.0;Portal;,;which;required;manual;download;of",8
D25,SRC03,3,D25_P003_UNKNOWN_PAR007,D25_SEC_S06,UNKNOWN,Annual Report 2025-26,paragraph,hybrid,"the highest number of downgrades (20), followed by","the;highest;number;of;downgrades;(;20;);,;followed;by",11
D28,SRC03,23,D28_P023_UNKNOWN_PAR001,D28_SEC_S14,UNKNOWN,No. 7885/2024),paragraph,hybrid,"Chapter 10 Regulatory Action, Supervision and Enforcement","Chapter;10;Regulatory;Action;,;Supervision;and;Enforcement",8
D01,SRC01,23,D01_P023_SEC_1_28_PAR007,D01_SEC_1_28,1.28,Methodology,paragraph,hybrid,• Adoption of chain-based indices to enhance timeliness and representativeness,•;Adoption;of;chain-based;indices;to;enhance;timeliness;and;representativeness,10
D22,SRC03,13,D22_P013_SEC_4_3_1_PAR001,D22_SEC_4_3_1,4.3.1,SECONDARY MARKETS,paragraph,hybrid,iii. Better oversight over the possibility of concentration or manipulation risk in index options,iii;.;Better;oversight;over;the;possibility;of;concentration;or;manipulation;risk;in;index;options,15
D11,SRC01,42,D11_P042_SEC_11_65_PAR004,D11_SEC_11_65,11.65,Swasth Nari Sashakt Parivar Abhiyaan,paragraph,hybrid,"138 Demir, Özdemir & Weitekamp (2007); Looking to happy tomorrows with friends: Best and close friendships as they predict happiness","138;Demir;,;Özdemir;&;Weitekamp;(;2007;);;;Looking;to;happy;tomorrows;with;friends;:;Best;and;close;friendships;as;they;predict;happiness",25
D04,SRC01,54,D04_P054_UNKNOWN_PAR003,D04_SEC_S106,UNKNOWN,International Investment Position,paragraph,hybrid,"4.106 India’s international financial assets-to-liabilities ratio improved from 74.1 per cent in March 2024 to 77.5 per cent in March 2025, indicating rising resilience.","4.106;India;'s;international;financial;assets-to-liabilities;ratio;improved;from;74.1 per cent;in;March 2024;to;77.5 per cent;in;March 2025;,;indicating;rising;resilience;.",21
D04,SRC01,23,D04_P023_UNKNOWN_PAR001,D04_SEC_S53,UNKNOWN,Industry Response,paragraph,hybrid,themselves to enter and grow in regulated export markets. This is a strategic lesson for modern sectors now facing tariff-driven external shocks: competitiveness must be developed before it is demanded.,themselves;to;enter;and;grow;in;regulated;export;markets;.;This;is;a;strategic;lesson;for;modern;sectors;now;facing;tariff-driven;external;shocks;:;competitiveness;must;be;developed;before;it;is;demanded;.,33
D07,SRC01,14,D07_P014_SEC_7_18_PAR001,D07_SEC_7_18,7.18,GLOBAL SERVICES TRENDS AND INDIA’S EXPERIENCE,paragraph,hybrid,"• The Double Contribution Convention eliminates dual social security payments for assignments up to 36 months, benefiting over 75,000 professionals and 900 firms, with annual savings exceeding USD 500 million and improved cost competitiveness.","•;The;Double;Contribution;Convention;eliminates;dual;social;security;payments;for;assignments;up;to;36;months;,;benefiting;over;75,000;professionals;and;900;firms;,;with;annual;savings;exceeding;USD 500 million;and;improved;cost;competitiveness;.",35
D19,SRC02,7,D19_P007_UNKNOWN_PAR003,D19_SEC_S03,UNKNOWN,Policy Highlights,paragraph,hybrid,"▪ The Bharatnet and the Research, Development and Innovation Scheme have been allocated Rs 20,000 crore each in 2026- 27. In 2025-26, as per revised estimates, spending under Bharatnet is expected to be 25% of the budgeted amount, and under RDI scheme, at 15% of the budgeted amount.","▪;The;Bharatnet;and;the;Research;,;Development;and;Innovation;Scheme;have;been;allocated;Rs 20,000 crore;each;in;2026- 27;.;In;2025-26;,;as;per;revised;estimates;,;spending;under;Bharatnet;is;expected;to;be;25%;of;the;budgeted;amount;,;and;under;RDI;scheme;,;at;15%;of;the;budgeted;amount;.",52
D11,SRC01,41,D11_P041_SEC_11_62_PAR001,D11_SEC_11_62,11.62,Swasth Nari Sashakt Parivar Abhiyaan,paragraph,hybrid,"et.al. 2015132; Meng et al., 2022133). It is typically framed as a behavioural pattern of excessive or compulsive engagement with digital devices or online activities that leads to distress and functional impairment, described as persistent, excessive, or obsessive computer and online use, causing impairment in psychology.134","et.al;.;2015132;;;Meng;et;al.;,;2022133;);.;It;is;typically;framed;as;a;behavioural;pattern;of;excessive;or;compulsive;engagement;with;digital;devices;or;online;activities;that;leads;to;distress;and;functional;impairment;,;described;as;persistent;,;excessive;,;or;obsessive;computer;and;online;use;,;causing;impairment;in;psychology.;134",56
