example,category,source_id,document_id,page_number,section_id,section_number,section_title,unit_id,corpus_units_containing,nltk_tokens,spacy_tokens,custom_tokens,hybrid_tokens,bpe_tokens,token_count_nltk,token_count_spacy,token_count_custom,token_count_hybrid,token_count_bpe,bpe_subword_split,observations
31 March 2026,Dates,SRC01,D04,25,D04_SEC_4_54,4.54,Industry Response,D04_P025_SEC_4_54_PAR001,1,31;March;2026,31;March;2026,31 March 2026,31 March 2026,31;ĠMarch;Ġ2026,3,3,1,1,3,true,NLTK splits into 3 tokens; custom keeps it whole; BPE sub-words: 3 pieces
January 2026,Dates,SRC01,D01,2,D01_SEC_1_1,1.1,GLOBAL ECONOMIC GROWTH – FRAGILE AND DIVERGING,D01_P002_SEC_1_1_PAR001,25,January;2026,January;2026,January 2026,January 2026,Jan;uary;Ġ2026,2,2,1,1,3,true,NLTK splits into 2 tokens; custom keeps it whole; BPE sub-words: 3 pieces
2025,Dates,SRC01,D01,2,D01_SEC_1_1,1.1,GLOBAL ECONOMIC GROWTH – FRAGILE AND DIVERGING,D01_P002_SEC_1_1_PAR001,1016,2025,2025,2025,2025,2025,1,1,1,1,1,false,custom keeps it whole; BPE single token
2024-25,Dates,SRC01,D01,9,D01_SEC_1_8,1.8,TRENDS IN THE DOMESTIC ECONOMY,D01_P009_SEC_1_8_PAR002,186,2024-25,2024;-;25,2024-25,2024-25,2024;-;25,1,3,1,1,3,true,custom keeps it whole; BPE sub-words: 3 pieces
FY2025-26,Fiscal years,SRC01,D08,3,D08_SEC_8_6,8.6,UNKNOWN,D08_P003_SEC_8_6_PAR001,1,FY2025-26,FY2025;-;26,FY2025-26,FY2025-26,FY;2025;-;26,1,3,1,1,4,true,custom keeps it whole; BPE sub-words: 4 pieces
FY26,Fiscal years,SRC01,D01,1,UNKNOWN,UNKNOWN,UNKNOWN,D01_P001_UNKNOWN_PAR003,161,FY26,FY26,FY26,FY26,FY;26,1,1,1,1,2,true,custom keeps it whole; BPE sub-words: 2 pieces
FY 2025-26,Fiscal years,SRC01,D06,3,D06_SEC_6_6,6.6,INTRODUCTION,D06_P003_SEC_6_6_PAR001,3,FY;2025-26,FY;2025;-;26,FY 2025-26,FY 2025-26,FY;Ġ2025;-;26,2,4,1,1,4,true,NLTK splits into 2 tokens; custom keeps it whole; BPE sub-words: 4 pieces
Q1 FY26,Fiscal years,SRC01,D01,13,D01_SEC_1_13,1.13,TRENDS IN THE DOMESTIC ECONOMY,D01_T005,7,Q1;FY26,Q1;FY26,Q1 FY26,Q1 FY26,Q;1;ĠFY;26,2,2,1,1,4,true,NLTK splits into 2 tokens; custom keeps it whole; BPE sub-words: 4 pieces
7.4%,Percentages,SRC02,D19,6,D19_SEC_S03,UNKNOWN,Policy Highlights,D19_P006_UNKNOWN_PAR005,2,7.4;%,7.4;%,7.4%,7.4%,7;.;4;%,2,2,1,1,4,true,NLTK splits into 2 tokens; custom keeps it whole; BPE sub-words: 4 pieces
7.4 per cent,Percentages,SRC01,D01,1,UNKNOWN,UNKNOWN,UNKNOWN,D01_P001_UNKNOWN_PAR003,11,7.4;per;cent,7.4;per;cent,7.4 per cent,7.4 per cent,7;.;4;Ġper;Ġcent,3,3,1,1,5,true,NLTK splits into 3 tokens; custom keeps it whole; BPE sub-words: 5 pieces
10.5%,Percentages,,,,,,,,0,10.5;%,10.5;%,10.5%,10.5%,10;.;5;%,2,2,1,1,4,true,NLTK splits into 2 tokens; custom keeps it whole; BPE sub-words: 4 pieces
"₹50,000",Currency,SRC01,D03,28,D03_SEC_3_49,3.49,FINANCIAL INTERMEDIATION,D03_P028_SEC_3_49_PAR001,4,"₹50,000","₹;50,000","₹50,000","₹50,000","âĤ¹;50;,;000",1,2,1,1,4,true,custom keeps it whole; BPE sub-words: 4 pieces
"Rs. 50,000",Currency,,,,,,,,0,"Rs;.;50,000","Rs;.;50,000","Rs. 50,000","Rs. 50,000","Rs;.;Ġ50;,;000",3,3,1,1,5,true,NLTK splits into 3 tokens; custom keeps it whole; BPE sub-words: 5 pieces
₹1.25 lakh crore,Currency,,,,,,,,0,₹1.25;lakh;crore,₹;1.25;lakh;crore,₹1.25 lakh crore,₹1.25 lakh crore,âĤ¹;1;.;25;Ġlakh;Ġcrore,3,4,1,1,6,true,NLTK splits into 3 tokens; custom keeps it whole; BPE sub-words: 6 pieces
$2.5 billion,Currency,,,,,,,,0,$;2.5;billion,$;2.5;billion,$2.5 billion,$2.5 billion,$;2;.;5;Ġbillion,3,3,1,1,5,true,NLTK splits into 3 tokens; custom keeps it whole; BPE sub-words: 5 pieces
US$ 2.5 billion,Currency,,,,,,,,0,US;$;2.5;billion,US$;2.5;billion,US$ 2.5 billion,US$ 2.5 billion,US;$;Ġ2;.;5;Ġbillion,4,3,1,1,6,true,NLTK splits into 4 tokens; custom keeps it whole; BPE sub-words: 6 pieces
₹5 lakh crore,Currency,SRC03,D21,5,D21_SEC_3_1_2,3.1.2,PRIMARY MARKETS,D21_BOX003,1,₹5;lakh;crore,₹;5;lakh;crore,₹5 lakh crore,₹5 lakh crore,âĤ¹;5;Ġlakh;Ġcrore,3,4,1,1,4,true,NLTK splits into 3 tokens; custom keeps it whole; BPE sub-words: 4 pieces
3.2 million,Large numbers,,,,,,,,0,3.2;million,3.2;million,3.2 million,3.2 million,3;.;2;Ġmillion,2,2,1,1,4,true,NLTK splits into 2 tokens; custom keeps it whole; BPE sub-words: 4 pieces
1.2 trillion,Large numbers,SRC01,D08,20,D08_SEC_8_41,8.41,National Manufacturing Mission,D08_BOX007,2,1.2;trillion,1.2;trillion,1.2 trillion,1.2 trillion,1;.;2;Ġtrillion,2,2,1,1,4,true,NLTK splits into 2 tokens; custom keeps it whole; BPE sub-words: 4 pieces
"1,25,000 crore",Large numbers,,,,,,,,0,"1,25,000;crore","1,25,000;crore","1,25,000 crore","1,25,000 crore","1;,;25;,;000;Ġcrore",2,2,1,1,6,true,NLTK splits into 2 tokens; custom keeps it whole; BPE sub-words: 6 pieces
GDP,Economic indicators,SRC01,D01,18,D01_SEC_1_27,1.27,TRENDS IN THE DOMESTIC ECONOMY,D01_BOX003,154,GDP,GDP,GDP,GDP,GDP,1,1,1,1,1,false,custom keeps it whole; BPE single token
GVA,Economic indicators,SRC01,D01,9,D01_SEC_1_8,1.8,TRENDS IN THE DOMESTIC ECONOMY,D01_P009_SEC_1_8_PAR002,31,GVA,GVA,GVA,GVA,G;VA,1,1,1,1,2,true,custom keeps it whole; BPE sub-words: 2 pieces
CPI,Economic indicators,SRC01,D01,23,D01_SEC_1_28,1.28,Methodology,D01_P023_SEC_1_28_PAR008,21,CPI,CPI,CPI,CPI,C;PI,1,1,1,1,2,true,custom keeps it whole; BPE sub-words: 2 pieces
WPI,Economic indicators,SRC01,D05,6,D05_SEC_5_8,5.8,DOMESTIC INFLATION,D05_P006_SEC_5_8_PAR001,2,WPI,WPI,WPI,WPI,W;PI,1,1,1,1,2,true,custom keeps it whole; BPE sub-words: 2 pieces
RBI,Financial institutions,SRC01,D01,23,D01_SEC_1_28,1.28,Methodology,D01_P023_SEC_1_28_PAR009,112,RBI,RBI,RBI,RBI,R;BI,1,1,1,1,2,true,custom keeps it whole; BPE sub-words: 2 pieces
SEBI,Financial institutions,SRC01,D03,36,D03_SEC_3_71,3.71,FINANCIAL INTERMEDIATION,D03_BOX013,614,SEBI,SEBI,SEBI,SEBI,SEBI,1,1,1,1,1,false,custom keeps it whole; BPE single token
IMF,Financial institutions,SRC01,D01,2,D01_SEC_1_1,1.1,GLOBAL ECONOMIC GROWTH – FRAGILE AND DIVERGING,D01_P002_SEC_1_1_PAR001,21,IMF,IMF,IMF,IMF,I;MF,1,1,1,1,2,true,custom keeps it whole; BPE sub-words: 2 pieces
World Bank,Financial institutions,SRC01,D01,29,D01_SEC_1_41,1.41,Methodology,D01_P029_SEC_1_41_PAR001,29,World;Bank,World;Bank,World;Bank,World;Bank,W;orld;ĠBank,2,2,2,2,3,true,NLTK splits into 2 tokens; BPE sub-words: 3 pieces
repo rate,Financial instruments,SRC01,D01,25,D01_SEC_1_32,1.32,Methodology,D01_P025_SEC_1_32_PAR001,7,repo;rate,repo;rate,repo;rate,repo;rate,rep;o;Ġrate,2,2,2,2,3,true,NLTK splits into 2 tokens; BPE sub-words: 3 pieces
reverse repo,Financial instruments,SRC01,D03,10,D03_SEC_3_14,3.14,MONETARY DEVELOPMENTS,D03_P010_SEC_3_14_PAR001,1,reverse;repo,reverse;repo,reverse;repo,reverse;repo,re;verse;Ġrepo,2,2,2,2,3,true,NLTK splits into 2 tokens; BPE sub-words: 3 pieces
treasury bill,Financial instruments,SRC01,D02,34,D02_SEC_2_45,2.45,Central Government Debt,D02_P034_SEC_2_45_PAR001,3,treasury;bill,treasury;bill,treasury;bill,treasury;bill,t;reas;ury;Ġbill,2,2,2,2,4,true,NLTK splits into 2 tokens; BPE sub-words: 4 pieces
mutual fund,Financial instruments,SRC01,D03,1,UNKNOWN,UNKNOWN,UNKNOWN,D03_P001_UNKNOWN_PAR003,82,mutual;fund,mutual;fund,mutual;fund,mutual;fund,m;utual;Ġfund,2,2,2,2,3,true,NLTK splits into 2 tokens; BPE sub-words: 3 pieces
year-on-year,Hyphenated expressions,SRC01,D05,8,D05_SEC_5_11,5.11,DOMESTIC INFLATION,D05_P008_SEC_5_11_PAR001,16,year-on-year,year;-;on;-;year,year-on-year,year-on-year,year;-;on;-;year,1,5,1,1,5,true,custom keeps it whole; BPE sub-words: 5 pieces
month-on-month,Hyphenated expressions,SRC01,D05,8,D05_SEC_5_11,5.11,DOMESTIC INFLATION,D05_P008_SEC_5_11_PAR001,1,month-on-month,month;-;on;-;month,month-on-month,month-on-month,m;onth;-;on;-;m;onth,1,5,1,1,7,true,custom keeps it whole; BPE sub-words: 7 pieces
repo-rate,Hyphenated expressions,,,,,,,,0,repo-rate,repo;-;rate,repo-rate,repo-rate,rep;o;-;rate,1,3,1,1,4,true,custom keeps it whole; BPE sub-words: 4 pieces
mark-to-market,Hyphenated expressions,SRC03,D22,14,D22_SEC_4_3_2,4.3.2,SECONDARY MARKETS,D22_P014_SEC_4_3_2_PAR002,2,mark-to-market,mark;-;to;-;market,mark-to-market,mark-to-market,mark;-;to;-;market,1,5,1,1,5,true,custom keeps it whole; BPE sub-words: 5 pieces
FDI,Abbreviations,SRC01,D01,4,D01_SEC_1_5,1.5,GLOBAL ECONOMIC GROWTH – FRAGILE AND DIVERGING,D01_P004_SEC_1_5_PAR001,67,FDI,FDI,FDI,FDI,F;DI,1,1,1,1,2,true,custom keeps it whole; BPE sub-words: 2 pieces
FPI,Abbreviations,SRC01,D01,28,D01_SEC_1_36,1.36,Methodology,D01_P028_SEC_1_36_PAR001,74,FPI,FPI,FPI,FPI,FPI,1,1,1,1,1,false,custom keeps it whole; BPE single token
NPA,Abbreviations,SRC01,D01,26,D01_SEC_1_33,1.33,Methodology,D01_P026_SEC_1_33_PAR001,22,NPA,NPA,NPA,NPA,N;PA,1,1,1,1,2,true,custom keeps it whole; BPE sub-words: 2 pieces
GST,Abbreviations,SRC01,D01,2,D01_SEC_1_1,1.1,GLOBAL ECONOMIC GROWTH – FRAGILE AND DIVERGING,D01_P002_SEC_1_1_PAR001,66,GST,GST,GST,GST,G;ST,1,1,1,1,2,true,custom keeps it whole; BPE sub-words: 2 pieces
NITI Aayog,Abbreviations,SRC01,D03,46,D03_SEC_3_85,3.85,Conclusion,D03_BOX019,16,NITI;Aayog,NITI;Aayog,NITI;Aayog,NITI;Aayog,N;ITI;ĠAayog,2,2,2,2,3,true,NLTK splits into 2 tokens; BPE sub-words: 3 pieces
disinflation,Rare economic terminology,SRC01,D01,24,D01_SEC_1_29,1.29,Methodology,D01_P024_SEC_1_29_PAR001,11,disinflation,disinflation,disinflation,disinflation,dis;inflation,1,1,1,1,2,true,custom keeps it whole; BPE sub-words: 2 pieces
securitisation,Rare economic terminology,SRC01,D03,43,D03_SEC_3_74,3.74,Conclusion,D03_P043_SEC_3_74_PAR003,4,securitisation,securitisation,securitisation,securitisation,s;ecur;iti;sation,1,1,1,1,4,true,custom keeps it whole; BPE sub-words: 4 pieces
demonetisation,Rare economic terminology,,,,,,,,0,demonetisation,demonetisation,demonetisation,demonetisation,d;em;on;eti;sation,1,1,1,1,5,true,custom keeps it whole; BPE sub-words: 5 pieces
macroeconomic,Rare economic terminology,SRC01,D01,21,D01_SEC_1_28,1.28,Methodology,D01_BOX005,61,macroeconomic,macroeconomic,macroeconomic,macroeconomic,m;acro;economic,1,1,1,1,3,true,custom keeps it whole; BPE sub-words: 3 pieces
financialisation,Rare economic terminology,SRC01,D03,1,UNKNOWN,UNKNOWN,UNKNOWN,D03_P001_UNKNOWN_PAR003,6,financialisation,financialisation,financialisation,financialisation,financial;isation,1,1,1,1,2,true,custom keeps it whole; BPE sub-words: 2 pieces
refinancing,Rare economic terminology,SRC01,D02,36,D02_SEC_2_48,2.48,Fiscal Developments,D02_P036_SEC_2_48_PAR001,4,refinancing,refinancing,refinancing,refinancing,re;fin;ancing,1,1,1,1,3,true,custom keeps it whole; BPE sub-words: 3 pieces
real GDP growth,Multiword financial phrases,SRC01,D01,1,UNKNOWN,UNKNOWN,UNKNOWN,D01_P001_UNKNOWN_PAR003,6,real;GDP;growth,real;GDP;growth,real;GDP;growth,real;GDP;growth,re;al;ĠGDP;Ġgrowth,3,3,3,3,4,true,NLTK splits into 3 tokens; BPE sub-words: 4 pieces
monetary policy,Multiword financial phrases,SRC01,D01,3,D01_SEC_1_3,1.3,GLOBAL ECONOMIC GROWTH – FRAGILE AND DIVERGING,D01_P003_SEC_1_3_PAR001,22,monetary;policy,monetary;policy,monetary;policy,monetary;policy,m;onetary;Ġpolicy,2,2,2,2,3,true,NLTK splits into 2 tokens; BPE sub-words: 3 pieces
fiscal policy,Multiword financial phrases,SRC01,D01,1,UNKNOWN,UNKNOWN,UNKNOWN,D01_P001_UNKNOWN_PAR005,16,fiscal;policy,fiscal;policy,fiscal;policy,fiscal;policy,f;iscal;Ġpolicy,2,2,2,2,3,true,NLTK splits into 2 tokens; BPE sub-words: 3 pieces
current account deficit,Multiword financial phrases,SRC01,D01,27,D01_SEC_1_35,1.35,Methodology,D01_P027_SEC_1_35_PAR001,6,current;account;deficit,current;account;deficit,current;account;deficit,current;account;deficit,c;urrent;Ġaccount;Ġdeficit,3,3,3,3,4,true,NLTK splits into 3 tokens; BPE sub-words: 4 pieces
foreign direct investment,Multiword financial phrases,SRC01,D01,4,D01_SEC_1_5,1.5,GLOBAL ECONOMIC GROWTH – FRAGILE AND DIVERGING,D01_P004_SEC_1_5_PAR001,9,foreign;direct;investment,foreign;direct;investment,foreign;direct;investment,foreign;direct;investment,fore;ign;Ġdirect;Ġinvestment,3,3,3,3,4,true,NLTK splits into 3 tokens; BPE sub-words: 4 pieces
financial stability,Multiword financial phrases,SRC01,D03,2,D03_SEC_3_1,3.1,INTRODUCTION,D03_P002_SEC_3_1_PAR001,25,financial;stability,financial;stability,financial;stability,financial;stability,financial;Ġstability,2,2,2,2,2,true,NLTK splits into 2 tokens; BPE sub-words: 2 pieces
capital expenditure,Multiword financial phrases,SRC01,D01,12,D01_SEC_1_12,1.12,TRENDS IN THE DOMESTIC ECONOMY,D01_P012_SEC_1_12_PAR001,45,capital;expenditure,capital;expenditure,capital;expenditure,capital;expenditure,cap;ital;Ġexpenditure,2,2,2,2,3,true,NLTK splits into 2 tokens; BPE sub-words: 3 pieces
consumer price index,Multiword financial phrases,SRC01,D01,23,D01_SEC_1_28,1.28,Methodology,D01_P023_SEC_1_28_PAR008,4,consumer;price;index,consumer;price;index,consumer;price;index,consumer;price;index,cons;umer;Ġprice;Ġindex,3,3,3,3,4,true,NLTK splits into 3 tokens; BPE sub-words: 4 pieces
