n,total_ngrams,unique_ngrams,top_ngram,top_ngram_frequency,singletons,meaningful_domain_phrases,raw_unique_ngrams,stopword_removed_unique_ngrams,unique_ngrams_after_removal,multiword_phrases_raw,multiword_phrases_after_removal,shared_multiword_phrases,phrases_lost_after_stopword_removal,phrases_introduced_after_stopword_removal,examples_lost,examples_introduced
1,344141,24389,",",20645,12679,0,,,,,,,,,,
2,338007,156887,", and",2727,117718,864,,,,,,,,,,
3,331878,268305,ai ai ai,393,241749,273,,,,,,,,,,
4,325751,303211,ai ai ai ai,330,291276,63,,,,,,,,,,
5,319627,309454,ai ai ai ai ai,284,303647,0,,,,,,,,,,
1,,,,,,,24389,24251,0,0,0,0,0,0,,
2,,,,,,,156887,151808,151808,156887,151808,96117,60770,55691,$ 6.1 billion during;$55 billion per;% of;& a;& below;& d;& i;& o,$ 6.1 billion april 2020;$55 billion annum-into;% end;% gdp;% limits;% nominal;% revenue;& (
3,,,,,,,268305,213382,213382,268305,213382,96921,171384,116461,# indicates that;$ 6.1 billion during april 2020;$25 billion . these;$55 billion per annum-into;$840 billion 51 over;% ) as;% of end;% of gdp,# indicates data;$ 6.1 billion april 2020 -;$25 billion . measures;$55 billion annum-into urban;$840 billion 51 next;% ) mar;% end odis;% gdp )
4,,,,,,,303211,222710,222710,303211,222710,73058,230153,149652,# 39 registrar to;# indicates that data;# one member not;$ 6.1 billion during april 2020 -;$25 billion . these measures;$55 billion per annum-into urban;$840 billion 51 over the;% ) as on,# 39 registrar issue;# indicates data revised;# one member added;$ 6.1 billion april 2020 - september 2023;$25 billion . measures effectively;$55 billion annum-into urban infrastructure;$840 billion 51 next 15;% ) mar 31
5,,,,,,,309454,220788,220788,309454,220788,53236,256218,167552,# /en/home 7 ger is;# 1.4 others ( on;# 31 32 registrar to;# 39 registrar to issue;# indicates that data has;# one member not added;# pending actionable grievances with;$ ( 87.5 per cent ) were,# /en/home 7 ger total;# 1.4 others ( deputation;# 31 32 registrar issue;# 39 registrar issue share;# indicates data revised .;# one member added list;# pending actionable grievances entities;$ ( 87.5 per cent ) e-complaints
