method,purpose,token_count,vocabulary_size,domain_handling,advantages_observed,limitations_observed,example,suitable_downstream_use
nltk,nltk tokenization,349891,18080,"poor (splits fiscal years, percentages, currency)",Treebank rules handle contractions and punctuation faithfully; mature and fast,"no domain awareness: splits 7.4%, FY2025-26 components and currency symbols",,"baseline experiments, teaching comparison, generic indexing"
spacy,spacy tokenization,366035,15942,"partial (keeps numbers, splits hyphens and fiscal ranges)",trained orthographic rules; fastest; keeps 6.50 and repo-rate whole,"still splits percentages, fiscal-year ranges and hyphenated compounds",,fast indexing when domain expressions are handled as extra fields
custom,custom tokenization,346276,18684,"strong (purpose-built rules, inspectable)","17 ordered, inspectable rules; preserves fiscal years, percentages, currency, scale words","no linguistic model: cannot disambiguate, and rules are tuned to this domain",,"exact indexing of fiscal years, percentages and currency amounts"
hybrid,hybrid tokenization,344722,19519,strong (domain layer over a standard tokenizer),keeps NLTK's linguistic behaviour while protecting domain expressions,three-pass cost (protect/tokenize/repair) and private-use sentinels in between,,Phase 3 inverted index over domain-aware terms
stopword_removal,remove standard English stopwords,241278,19244,"neutral, but can delete modality/domain nouns (see stopword analysis)",30.01% of tokens removed,deletes protected financial terms (see domain_stopword_analysis.csv),,"query-side filtering only, never on protected financial terms"
porter,porter stemming,344722,14295,reduces inflections; can over-stem financial terms,26.71% vocabulary reduction,moderate reduction; conservative with financial suffixes,,recall-oriented index with morphological conflation
snowball_english,snowball_english stemming,344722,14301,reduces inflections; slightly more aggressive than Porter,26.68% vocabulary reduction,slightly stronger reduction than Porter on -ation/-ise forms,,precision/recall balance for English financial prose
lancaster,lancaster stemming,344722,13069,very aggressive; highest collision rate,33.0% vocabulary reduction,most aggressive; largest reduction and the most collisions,,"aggressive conflation, useful for fuzzy matching demos"
wordnet_lookup_pos_agnostic,wordnet_lookup_pos_agnostic lemmatization,366035,12195,leaves domain coinages unchanged,23.44% vocabulary reduction,noun-first WordNet lookup; no POS needed,,light normalisation without POS cost
wordnet_lookup_pos_aware,wordnet_lookup_pos_aware lemmatization,366035,12195,"POS-dependent, so also leaves coinages unchanged",23.44% vocabulary reduction,WordNet surface index consulted for the observed POS,,normalisation when POS is already available
spacy_rule_based,spacy_rule_based lemmatization,366035,13330,general English rules only,16.32% vocabulary reduction,context-sensitive rule lemmatizer from the shared spaCy pass,,normalisation inside an existing spaCy pipeline
lemminflect_rulebased,lemminflect_rulebased lemmatization,366035,13169,standard inflection only,17.33% vocabulary reduction,"pure inflectional rule tables, POS driven",,offline normalisation with explicit POS
default_pos,default_pos part-of-speech tagging,,,no domain awareness; acronyms tagged as common nouns,baseline distribution over the whole corpus,no domain awareness; acronyms and -isation nouns mis-tagged,,linguistic features for ranking and filtering
custom_rule_pos,custom_rule_pos part-of-speech tagging,,,data-driven corrections for observed domain mis-tags,665 of 366035 corpus tokens re-tagged (0.1817%),dictionary based; no context beyond the token itself,,domain-aware syntax features
custom_ml_pos,custom_ml_pos part-of-speech tagging,,,learned from this corpus + manual gold sample,"trained on 366317 tokens (366035 silver, 282 gold)",single annotator gold set of 130 tokens; silver training labels come from spaCy,,comparison baseline for POS research in the report
general_ner,general named entity recognition,26793,18,"OntoNotes classes; misses indicators, instruments and policy terms",PERSON/ORG/GPE/DATE/MONEY/PRODUCT/EVENT entities with provenance,"misses economic indicators, instruments and policy terms",,PERSON/ORG/GPE/DATE/MONEY reporting and query filtering
custom_domain_ner,financial domain entity dictionary,4951,184,"financial/economic categories, complementary to general NER",adds 8 financial categories the general model has no label for,"dictionary based: no context, so a term in another sense still matches",,"domain entity filters (institution, indicator, policy term)"
unigram,1-gram analysis,344722,24452,term-level matching only; no phrase semantics,"top: , (20724)",term-level matching only; no phrase semantics,,term postings and term-frequency ranking
bigram,2-gram analysis,338717,157151,captures short collocations such as 'policy rate',"top: , and (2728)",captures short collocations such as 'policy rate',,"phrase postings, phrase queries in Phase 3"
trigram,3-gram analysis,332716,268828,captures indicator phrases such as 'real GDP growth',top: ai ai ai (393),captures indicator phrases such as 'real GDP growth',,multi-word indicator queries
4-gram,4-gram analysis,326715,303942,captures longer policy expressions; high document-frequency threshold needed,top: ai ai ai ai (330),captures longer policy expressions; high document-frequency threshold needed,,"long phrase evidence, precision-oriented"
5-gram,5-gram analysis,320715,310349,few high-confidence phrases; very sparse,top: ai ai ai ai ai (284),few high-confidence phrases; very sparse,,"document-level topic evidence, sparse"
