category,document_id,source_id,source_type,page_number,section_id,section_number,section_title,unit_id,unit_type,char_count,text
normal_economic_paragraph,D12,SRC01,economic_survey,23,D12_SEC_12_34,12.34,CATALYSING JOB GROWTH,D12_P023_SEC_12_34_PAR001,paragraph,590,"12.34 India's labour market is transforming due to factors such as economic policies, technological progress, and the evolving demands of the labour market. As a result, traditional employment paradigms are yielding to hybrid models that blend contract and formality. These factors also shape the way key players in the labour market interact, specifically the employer and the employee. The changing dynamics of this interaction occur in the context of the preferences of these two agents, where one wants to maximise its revenue and minimise cost, and the other wants to maximise its pay."
paragraph_containing_dates,D09,SRC01,economic_survey,5,D09_SEC_9_15,9.15,UNKNOWN,D09_P005_SEC_9_15_PAR001,paragraph,440,"9.15 Additionally, SEBI has decided that from 01 January 2026, investments by Mutual Funds and Specialised Investment Funds (SIFs) in REITs will be treated as equity-related instruments, which is expected to ease participation constraints and potentially improve secondary market liquidity. From April to November 2025, ₹13,893 crore was raised by listed Real Estate Investment Trusts (REITs) and Infrastructure Investment Trusts (InvITs).5"
paragraph_containing_percentages,D03,SRC01,economic_survey,16,D03_SEC_3_26,3.26,FINANCIAL INTERMEDIATION,D03_P016_SEC_3_26_PAR001,paragraph,533,"3.26 While the YoY growth trend in credit for industry and services has demonstrated a moderate increase in FY26 thus far, within industry, the bank credit to the MSME sector continues to show momentum and remains robust. In November 2025, bank credit to this sector increased by 21.8 per cent compared to a 13 per cent increase in November 2024. Within the MSME sector, the credit extended to the micro and small enterprises has registered an increase of 24.6 per cent (YoY) in November 2025, up from 10.2 per cent in November 2024."
paragraph_containing_currency,D08,SRC01,economic_survey,14,D08_SEC_8_30,8.30,Electronics,D08_P014_SEC_8_30_PAR001,paragraph,489,"8.30. This growth is underpinned by a remarkable surge in domestic production and export volumes (Chart VIII.16). Central to this expansion is the mobile manufacturing segment, which witnessed a nearly 30-fold increase in production value, rising from ₹18,000 crore in FY15 to ₹5.45 lakh crore in FY25. Transitioning from a net importer to the world’s second-largest mobile phone manufacturer, India now hosts over 300 manufacturing units, a significant leap from just two units in 2014.22"
paragraph_containing_abbreviations,D27,SRC03,regulator_annual_report,12,D27_SEC_S27,UNKNOWN,Check;,D27_P012_UNKNOWN_PAR014,paragraph,342,"D. Digital Accessibility Audit: SEBI has embarked on its digital accessibility journey by conducting digital accessibility audits for its digital platforms in accordance with WCAG 2.2 international standard to ensure the accessibility of SEBI’s digital platforms like websites and mobile apps to everyone, including persons with disabilities."
paragraph_containing_financial_institutions,D18,SRC02,financial_stability_report,2,D18_SEC_S02,UNKNOWN,INTRODUCTION,D18_P002_UNKNOWN_PAR001,paragraph,316,"The RBI's stress tests also indicate that the banking system remains resilient even under severe macroeconomic stress scenarios, with capital adequacy expected to remain above the prescribed regulatory minimum. This reinforces the assessment that Indian banks are well-positioned to absorb potential external shocks."
paragraph_containing_hyphenated_terminology,D03,SRC01,economic_survey,25,D03_SEC_3_47,3.47,FINANCIAL INTERMEDIATION,D03_P025_SEC_3_47_PAR003,paragraph,533,"At the same time, the sector has experienced repeated episodes of stress, including over- lending, borrower over-indebtedness, and a rise in NPAs. These cycles indicate that rapid expansion of credit, when combined with strong financial-return expectations, can create vulnerabilities at both the institutional and household levels. They also raise a broader question about whether the growing financialisation of the sector has, in some contexts, weakened the original balance between social objectives and financial sustainability."
paragraph_containing_numerical_expressions,D02,SRC01,economic_survey,5,D02_SEC_2_8,2.8,Fiscal Developments,D02_P005_SEC_2_8_PAR001,paragraph,535,"2.8 This improvement has been supported by a steady expansion of the tax base. The number of income tax returns filed increased in the post-pandemic period, from 6.9 crore in FY22 to 9.2 crore in FY258, reflecting gains from improved compliance, wider use of technology in tax administration, and a growing number of individuals entering the tax net as their incomes rise. Nudge-based interventions have emerged as a powerful tool for improving tax compliance and enhancing the efficiency of tax administration in India (See Box II.1)."
table_text,D21,SRC03,regulator_annual_report,17,D21_SEC_3_4_2,3.4.2,Municipal Bonds,D21_T016,table,404,"Median time for  | Processing Applications | Application  | Rejected/Returned/ | Application | Registration  | Granted during | Pending  | as on March | Type of Intermediary | Opening  | Balance | Received | during 2025-26 | (in Working Days) | Withdrawn during | 2025-26 | 31, 2026 | 2025-26 | 2025-26 | 2024-25 | Merchant Banker | 1 | 29 | 17 | 5 | 8 | 5# | 39 | Registrar to Issue and  | Share Transfer Agent | 2 | 15 | 7 | 3 | 7 | 48 | 50 | Bankers to an Issue | 1 | 3 | 1 | 0 | 3 | 3# | 39"
rare_domain_specific_terminology,D18,SRC02,financial_stability_report,1,D18_SEC_S02,UNKNOWN,INTRODUCTION,D18_P001_UNKNOWN_PAR003,paragraph,575,"Unlike regulatory circulars or policy directions that prescribe legal obligations, the FSR serves as the RBI's principal forward-looking surveillance document. It combines macroeconomic analysis, sectoral assessment and stress-testing of banks, non-banking financial companies (NBFCs), insurance companies, mutual funds and financial market infrastructures to evaluate the overall soundness of the financial system. Equally important, the Report identifies emerging areas of concern and outlines the regulatory priorities that are likely to shape future policy interventions."
