metric,pipeline_a,pipeline_b,selected,unit,source,note
token_count,249489,249489,pipeline_b,tokens,results/phase3/pipeline_comparison.csv,
unique_tokens,27814,19076,pipeline_b,tokens,results/phase3/pipeline_comparison.csv,
vocabulary_size,19483,14136,pipeline_b,terms,results/phase3/pipeline_comparison.csv,
index_terms,26155,21403,pipeline_b,terms,results/phase3/pipeline_comparison.csv,
meaningful_ngrams,2045,2640,pipeline_b,phrases,results/phase3/pipeline_comparison.csv,
index_size_postings,195579,195567,pipeline_b,postings,results/phase3/pipeline_comparison.csv,
processing_time_seconds,106.346,12.26,pipeline_b,seconds,results/phase3/pipeline_comparison.csv,
domain_term_preservation,1,1,pipeline_b,rate,results/phase3/pipeline_comparison.csv,
financial_expression_preservation,0.802004,0.802004,pipeline_b,rate,results/phase3/pipeline_comparison.csv,
variant_collapse_rate,0,0.583333,pipeline_b,rate,results/phase3/pipeline_comparison.csv,
query_answerability,1,1,pipeline_b,rate,results/phase3/pipeline_comparison.csv,
selection_score,0.680701,0.826534,pipeline_b,weighted score,results/phase3/pipeline_comparison.csv,
precision_macro,N/A,0.9571,pipeline_b,rate,results/phase4/evaluation_summary.csv,
recall_macro,N/A,0.8723,pipeline_b,rate,results/phase4/evaluation_summary.csv,
f1_macro,N/A,0.9053,pipeline_b,rate,results/phase4/evaluation_summary.csv,
precision_at_10_macro,N/A,0.8667,pipeline_b,rate,results/phase4/evaluation_summary.csv,
recall_at_10_macro,N/A,0.8723,pipeline_b,rate,results/phase4/evaluation_summary.csv,
precision_at_10_micro,N/A,0.9353,pipeline_b,rate,results/phase4/evaluation_summary.csv,
recall_at_10_micro,N/A,0.8387,pipeline_b,rate,results/phase4/evaluation_summary.csv,
retrieval_answerability,1.0,1.0,pipeline_b,rate,python -m src.phase4.run,
retrieval_units_returned,442,507,pipeline_b,units,python -m src.phase4.run,
retrieval_documents_returned,103,121,pipeline_b,documents,python -m src.phase4.run,
retrieval_mean_units_per_query,29.4667,33.8,pipeline_b,units/query,python -m src.phase4.run,
retrieval_mean_execution_ms,1625.305,306.556,pipeline_b,ms/query,python -m src.phase4.run,
retrieval_queries_with_missing_terms,0,0,pipeline_b,queries,python -m src.phase4.run,
relevance_evaluation_status,N/A - not evaluated,,pipeline_b,,results/phase4,"retrieval statistics only. Relevance metrics are N/A for this pipeline because the judgment pool was built by pooling the selected pipeline's rankings, which is not a fair pool for a different index."
