query_id,query,unit_id,rank,document_id,page_number,section_number,relevance,notes,annotator,judgment_method,judged_at
Q01,inflation,D01_P024_SEC_1_29_PAR001,5,D01,24,,1,domestic inflation dynamics and outlook; inflation is its subject,single annotator: implementing author (Phase 4),pooled candidate set (Top-10 Pipeline A UNION Top-10 Pipeline B),2026-10-04
Q01,inflation,D01_T001,10,D01,2,,1,table block carrying the AE/EMDE/global inflation forecast revisions; the table reports inflation data,single annotator: implementing author (Phase 4),pooled candidate set (Top-10 Pipeline A UNION Top-10 Pipeline B),2026-10-04
Q01,inflation,D05_P002_SEC_5_2_PAR001,2,D05,2,,1,reports headline and services inflation for four economies; inflation is its subject,single annotator: implementing author (Phase 4),pooled candidate set (Top-10 Pipeline A UNION Top-10 Pipeline B),2026-10-04
Q01,inflation,D05_P004_SEC_5_6_PAR001,8,D05,4,,1,cross-country inflation outcomes; inflation is its subject,single annotator: implementing author (Phase 4),pooled candidate set (Top-10 Pipeline A UNION Top-10 Pipeline B),2026-10-04
Q01,inflation,D05_P007_SEC_5_9_PAR002,1,D05,7,,1,unit is a full analysis of headline vs core inflation; inflation is its subject,single annotator: implementing author (Phase 4),pooled candidate set (Top-10 Pipeline A UNION Top-10 Pipeline B),2026-10-04
Q01,inflation,D05_P015_SEC_5_30_PAR001,3,D05,15,,1,rural vs urban inflation dynamics; inflation is its subject,single annotator: implementing author (Phase 4),pooled candidate set (Top-10 Pipeline A UNION Top-10 Pipeline B),2026-10-04
Q01,inflation,D05_P016_SEC_5_32_PAR001,9,D05,16,,1,state-level incidence of inflation; inflation is its subject,single annotator: implementing author (Phase 4),pooled candidate set (Top-10 Pipeline A UNION Top-10 Pipeline B),2026-10-04
Q01,inflation,D05_P018_SEC_5_33_PAR001,6,D05,18,,1,describes the state-wise CPI inflation analysis being performed,single annotator: implementing author (Phase 4),pooled candidate set (Top-10 Pipeline A UNION Top-10 Pipeline B),2026-10-04
Q01,inflation,D05_P019_SEC_5_35_PAR001,4,D05,19,,1,state-level inflation regression; inflation is its subject,single annotator: implementing author (Phase 4),pooled candidate set (Top-10 Pipeline A UNION Top-10 Pipeline B),2026-10-04
Q01,inflation,D20_P004_II_PAR001,7,D20,4,,1,headline CPI inflation averaging 2.1 per cent; inflation is its subject,single annotator: implementing author (Phase 4),pooled candidate set (Top-10 Pipeline A UNION Top-10 Pipeline B),2026-10-04
Q02,GDP,D01_P025_SEC_1_31_PAR001,9,D01,25,,1,effective capex and the fiscal deficit target expressed as a share of GDP,single annotator: implementing author (Phase 4),pooled candidate set (Top-10 Pipeline A UNION Top-10 Pipeline B),2026-10-04
Q02,GDP,D02_P001_UNKNOWN_PAR004,10,D02,1,,1,revenue and capital expenditure expressed as a share of GDP,single annotator: implementing author (Phase 4),pooled candidate set (Top-10 Pipeline A UNION Top-10 Pipeline B),2026-10-04
Q02,GDP,D02_P003_SEC_2_4_PAR001,3,D02,3,,1,fiscal and revenue deficit as a proportion of GDP; GDP ratios are the unit's measure,single annotator: implementing author (Phase 4),pooled candidate set (Top-10 Pipeline A UNION Top-10 Pipeline B),2026-10-04
Q02,GDP,D02_P004_SEC_2_6_PAR001,4,D02,4,,1,revenue receipts and gross tax revenue as a share of GDP,single annotator: implementing author (Phase 4),pooled candidate set (Top-10 Pipeline A UNION Top-10 Pipeline B),2026-10-04
Q02,GDP,D02_P004_SEC_2_7_PAR001,2,D02,4,,1,"non-corporate tax collections expressed as a share of GDP, plus buoyancy against nominal GDP",single annotator: implementing author (Phase 4),pooled candidate set (Top-10 Pipeline A UNION Top-10 Pipeline B),2026-10-04
Q02,GDP,D02_P018_SEC_2_29_PAR001,5,D02,18,,1,capital expenditure and effective capex as a share of GDP,single annotator: implementing author (Phase 4),pooled candidate set (Top-10 Pipeline A UNION Top-10 Pipeline B),2026-10-04
Q02,GDP,D02_P041_SEC_2_56_PAR002,1,D02,41,,1,manual review relevance label=1,manual review,dual-pipeline pooled manual relevance judgment,2026-10-04
Q02,GDP,D03_P047_SEC_3_85_PAR006,6,D03,47,,1,"lists CAB, debt, private credit and GDP growth as GDP-denominated drivers of capital cost",single annotator: implementing author (Phase 4),pooled candidate set (Top-10 Pipeline A UNION Top-10 Pipeline B),2026-10-04
Q02,GDP,D19_P003_UNKNOWN_PAR007,7,D19,3,,1,bullet reporting revenue and fiscal deficit targets as a percentage of GDP,single annotator: implementing author (Phase 4),pooled candidate set (Top-10 Pipeline A UNION Top-10 Pipeline B),2026-10-04
Q02,GDP,D20_T001,8,D20,5,,1,table reporting real GDP growth plus savings and capital formation as a percentage of GDP,single annotator: implementing author (Phase 4),pooled candidate set (Top-10 Pipeline A UNION Top-10 Pipeline B),2026-10-04
Q03,FDI,D01_P004_SEC_1_5_PAR001,4,D01,4,,1,global FDI flows declined 11 per cent; FDI is its subject,single annotator: implementing author (Phase 4),pooled candidate set (Top-10 Pipeline A UNION Top-10 Pipeline B),2026-10-04
Q03,FDI,D03_BOX021,7,D03,60,,1,the raised FDI limit in insurance companies from 74 to 100 per cent is a listed provision,single annotator: implementing author (Phase 4),pooled candidate set (Top-10 Pipeline A UNION Top-10 Pipeline B),2026-10-04
Q03,FDI,D04_BOX003,1,D04,34,,1,box defining and measuring the return on inward FDI; FDI is its subject,single annotator: implementing author (Phase 4),pooled candidate set (Top-10 Pipeline A UNION Top-10 Pipeline B),2026-10-04
Q03,FDI,D04_BOX007,2,D04,39,,1,box on inward and outward FDI flows; FDI is its subject,single annotator: implementing author (Phase 4),pooled candidate set (Top-10 Pipeline A UNION Top-10 Pipeline B),2026-10-04
Q03,FDI,D04_P001_UNKNOWN_PAR004,8,D04,1,,1,gross FDI inflows resilient alongside volatile portfolio flows; FDI is its subject,single annotator: implementing author (Phase 4),pooled candidate set (Top-10 Pipeline A UNION Top-10 Pipeline B),2026-10-04
Q03,FDI,D04_P030_SEC_4_67_PAR001,9,D04,30,,1,lead-in sentence whose stated purpose is to assess India's FDI flows against global trends,single annotator: implementing author (Phase 4),pooled candidate set (Top-10 Pipeline A UNION Top-10 Pipeline B),2026-10-04
Q03,FDI,D04_P031_SEC_4_67_PAR001,10,D04,31,,1,UNCTAD global FDI inflows down 11 per cent; FDI is its subject,single annotator: implementing author (Phase 4),pooled candidate set (Top-10 Pipeline A UNION Top-10 Pipeline B),2026-10-04
Q03,FDI,D04_P034_SEC_4_77_PAR001,5,D04,34,,1,"India's FDI outflows, inflows and net FDI; FDI is its subject",single annotator: implementing author (Phase 4),pooled candidate set (Top-10 Pipeline A UNION Top-10 Pipeline B),2026-10-04
Q03,FDI,D04_P034_SEC_4_78_PAR001,6,D04,34,,1,introduces the examination of returns on inward FDI; FDI is its subject,single annotator: implementing author (Phase 4),pooled candidate set (Top-10 Pipeline A UNION Top-10 Pipeline B),2026-10-04
Q03,FDI,D07_P005_SEC_7_9_PAR001,3,D07,5,,1,services share of global FDI and its sectoral allocation; FDI is its subject,single annotator: implementing author (Phase 4),pooled candidate set (Top-10 Pipeline A UNION Top-10 Pipeline B),2026-10-04
Q04,monetary policy,D01_BOX001,1,D01,5,,1,manual review relevance label=1,manual review,dual-pipeline pooled manual relevance judgment,2026-10-04
Q04,monetary policy,D01_P003_SEC_1_3_PAR001,8,D01,3,,1,the shift from aggressive monetary policy tightening to a neutral stance; monetary policy is its subject,single annotator: implementing author (Phase 4),pooled candidate set (Top-10 Pipeline A UNION Top-10 Pipeline B),2026-10-04
Q04,monetary policy,D03_P001_UNKNOWN_PAR002,2,D03,1,,1,reports the Monetary Policy Committee repo rate cut and CRR cuts; monetary policy is its subject,single annotator: implementing author (Phase 4),pooled candidate set (Top-10 Pipeline A UNION Top-10 Pipeline B),2026-10-04
Q04,monetary policy,D03_P009_SEC_3_10_PAR001,3,D03,9,,1,the MPC's FY26 monetary policy actions in full; monetary policy is its subject,single annotator: implementing author (Phase 4),pooled candidate set (Top-10 Pipeline A UNION Top-10 Pipeline B),2026-10-04
Q04,monetary policy,D03_P009_SEC_3_12_PAR001,9,D03,9,,1,manual review relevance label=1,manual review,dual-pipeline pooled manual relevance judgment,2026-10-04
Q04,monetary policy,D03_P009_SEC_3_9_PAR001,10,D03,9,,1,India's approach to monetary management and the role of monetary policy; monetary policy is its subject,single annotator: implementing author (Phase 4),pooled candidate set (Top-10 Pipeline A UNION Top-10 Pipeline B),2026-10-04
Q04,monetary policy,D03_P034_SEC_3_64_PAR001,4,D03,34,,0,unit is about equity market performance; 'easing of monetary policy' is one item in a list of four supports for the market,single annotator: implementing author (Phase 4),pooled candidate set (Top-10 Pipeline A UNION Top-10 Pipeline B),2026-10-04
Q04,monetary policy,D05_P001_UNKNOWN_PAR002,5,D05,1,,0,unit is the inflation chapter abstract; monetary policy appears only as an attributed cause of disinflation,single annotator: implementing author (Phase 4),pooled candidate set (Top-10 Pipeline A UNION Top-10 Pipeline B),2026-10-04
Q04,monetary policy,D16_P004_SEC_16_10_PAR001,6,D16,4,,1,argues monetary policy was losing traction on investment after QE; monetary policy is its subject,single annotator: implementing author (Phase 4),pooled candidate set (Top-10 Pipeline A UNION Top-10 Pipeline B),2026-10-04
Q04,monetary policy,D17_P009_SEC_16_99_PAR003,7,D17,9,,1,manual review relevance label=1,manual review,dual-pipeline pooled manual relevance judgment,2026-10-04
Q05,financial stability,D03_BOX023,8,D03,64,,1,manual review relevance label=1,manual review,dual-pipeline pooled manual relevance judgment,2026-10-04
Q05,financial stability,D03_P002_SEC_3_1_PAR001,3,D03,2,,1,policy transmission to financial stability and the role of a stable financial system,single annotator: implementing author (Phase 4),pooled candidate set (Top-10 Pipeline A UNION Top-10 Pipeline B),2026-10-04
Q05,financial stability,D03_P002_SEC_3_3_PAR001,4,D03,2,,1,manual review relevance label=1,manual review,dual-pipeline pooled manual relevance judgment,2026-10-04
Q05,financial stability,D03_P004_SEC_3_7_PAR001,1,D03,4,,1,global financial market risks citing the IMF Financial Stability Report; financial stability is its subject,single annotator: implementing author (Phase 4),pooled candidate set (Top-10 Pipeline A UNION Top-10 Pipeline B),2026-10-04
Q05,financial stability,D03_P044_SEC_3_75_PAR001,9,D03,44,,1,corporate bond market development as a route to strengthening financial stability,single annotator: implementing author (Phase 4),pooled candidate set (Top-10 Pipeline A UNION Top-10 Pipeline B),2026-10-04
Q05,financial stability,D03_P063_UNKNOWN_PAR005,10,D03,63,,1,manual review relevance label=1,manual review,dual-pipeline pooled manual relevance judgment,2026-10-04
Q05,financial stability,D12_P018_SEC_12_28_PAR003,5,D12,18,,0,"unit is about earned wage access; 'financial stability' is the individual worker's well-being, not systemic stability",single annotator: implementing author (Phase 4),pooled candidate set (Top-10 Pipeline A UNION Top-10 Pipeline B),2026-10-04
Q05,financial stability,D18_P001_UNKNOWN_PAR002,2,D18,1,,1,describes the RBI Financial Stability Report and the FSDC Sub-Committee assessment,single annotator: implementing author (Phase 4),pooled candidate set (Top-10 Pipeline A UNION Top-10 Pipeline B),2026-10-04
Q05,financial stability,D29_P001_SEC_11_1_PAR005,6,D29,1,,1,"describes the Financial Stability Board, its mandate and SEBI's engagement",single annotator: implementing author (Phase 4),pooled candidate set (Top-10 Pipeline A UNION Top-10 Pipeline B),2026-10-04
Q05,financial stability,D31_P009_SEC_13_4_7_PAR004,7,D31,9,,1,SEBI's inter-regulatory interface with the financial stability fora and its FSR inputs,single annotator: implementing author (Phase 4),pooled candidate set (Top-10 Pipeline A UNION Top-10 Pipeline B),2026-10-04
Q06,current account deficit,D01_P027_SEC_1_35_PAR001,3,D01,27,,1,the current account deficit remains moderate at 0.8 per cent of GDP in H1 FY26,single annotator: implementing author (Phase 4),pooled candidate set (Top-10 Pipeline A UNION Top-10 Pipeline B),2026-10-04
Q06,current account deficit,D02_BOX017,1,D02,34,,0,manual review relevance label=0,manual review,dual-pipeline pooled manual relevance judgment,2026-10-04
Q06,current account deficit,D02_P003_SEC_2_4_PAR001,4,D02,3,,0,manual review relevance label=0,manual review,dual-pipeline pooled manual relevance judgment,2026-10-04
Q06,current account deficit,D02_P023_UNKNOWN_PAR001,5,D02,23,,0,manual review relevance label=0,manual review,dual-pipeline pooled manual relevance judgment,2026-10-04
Q06,current account deficit,D03_P047_SEC_3_85_PAR003,6,D03,47,,1,structural account of persistent current account deficits and the cost of capital they price in,single annotator: implementing author (Phase 4),pooled candidate set (Top-10 Pipeline A UNION Top-10 Pipeline B),2026-10-04
Q06,current account deficit,D04_P028_SEC_4_61_PAR001,7,D04,28,,0,manual review relevance label=0,manual review,dual-pipeline pooled manual relevance judgment,2026-10-04
Q06,current account deficit,D04_P028_SEC_4_61_PAR002,8,D04,28,,1,the current account deficit moderated to USD 15 billion in H1 FY26,single annotator: implementing author (Phase 4),pooled candidate set (Top-10 Pipeline A UNION Top-10 Pipeline B),2026-10-04
Q06,current account deficit,D04_P028_SEC_4_62_PAR001,2,D04,28,,0,manual review relevance label=0,manual review,dual-pipeline pooled manual relevance judgment,2026-10-04
Q06,current account deficit,D16_P002_SEC_16_1_PAR001,9,D16,2,,1,assessment that the current account deficit is comfortably low,single annotator: implementing author (Phase 4),pooled candidate set (Top-10 Pipeline A UNION Top-10 Pipeline B),2026-10-04
Q06,current account deficit,D20_P012_SEC_2_3_PAR002,10,D20,12,,1,higher energy prices widen the current account deficit; the phrase is the unit's own point,single annotator: implementing author (Phase 4),pooled candidate set (Top-10 Pipeline A UNION Top-10 Pipeline B),2026-10-04
Q07,GDP AND inflation,D01_P003_SEC_1_2_PAR002,7,D01,3,,1,"GDP growth and inflation developments across the US, Europe, China and Japan",single annotator: implementing author (Phase 4),pooled candidate set (Top-10 Pipeline A UNION Top-10 Pipeline B),2026-10-04
Q07,GDP AND inflation,D01_P010_SEC_1_9_PAR001,8,D01,10,,1,consumption share of GDP discussed with the low-inflation environment,single annotator: implementing author (Phase 4),pooled candidate set (Top-10 Pipeline A UNION Top-10 Pipeline B),2026-10-04
Q07,GDP AND inflation,D02_P007_SEC_2_14_PAR001,10,D02,7,,1,GST revenue growth aligned with nominal GDP growth and influenced by lower inflation,single annotator: implementing author (Phase 4),pooled candidate set (Top-10 Pipeline A UNION Top-10 Pipeline B),2026-10-04
Q07,GDP AND inflation,D03_P047_SEC_3_85_PAR006,4,D03,47,,1,"GDP growth as a long-run driver of capital cost, discussed with inflation expectations",single annotator: implementing author (Phase 4),pooled candidate set (Top-10 Pipeline A UNION Top-10 Pipeline B),2026-10-04
Q07,GDP AND inflation,D05_P001_UNKNOWN_PAR002,5,D05,1,,1,sharp decline in headline inflation alongside robust GDP growth,single annotator: implementing author (Phase 4),pooled candidate set (Top-10 Pipeline A UNION Top-10 Pipeline B),2026-10-04
Q07,GDP AND inflation,D05_P004_SEC_5_6_PAR001,3,D05,4,,1,cross-country inflation outcomes set against GDP growth,single annotator: implementing author (Phase 4),pooled candidate set (Top-10 Pipeline A UNION Top-10 Pipeline B),2026-10-04
Q07,GDP AND inflation,D05_P005_SEC_5_7_PAR001,6,D05,5,,1,India's disinflation occurring alongside robust GDP growth of 8 per cent,single annotator: implementing author (Phase 4),pooled candidate set (Top-10 Pipeline A UNION Top-10 Pipeline B),2026-10-04
Q07,GDP AND inflation,D05_P019_SEC_5_35_PAR001,1,D05,19,,1,state-level inflation regressed on wages and state GDP growth rates,single annotator: implementing author (Phase 4),pooled candidate set (Top-10 Pipeline A UNION Top-10 Pipeline B),2026-10-04
Q07,GDP AND inflation,D19_P001_UNKNOWN_PAR003,9,D19,1,,1,bullet reporting nominal GDP growth as real growth plus inflation,single annotator: implementing author (Phase 4),pooled candidate set (Top-10 Pipeline A UNION Top-10 Pipeline B),2026-10-04
Q07,GDP AND inflation,D20_T001,2,D20,5,,1,table pairs real GDP growth forecasts with CPI and core inflation projections,single annotator: implementing author (Phase 4),pooled candidate set (Top-10 Pipeline A UNION Top-10 Pipeline B),2026-10-04
Q08,"RBI AND ""repo rate""",D03_P009_SEC_3_10_PAR001,1,D03,9,,1,RBI monetary policy actions and the cumulative repo rate cut to 5.25 per cent,single annotator: implementing author (Phase 4),pooled candidate set (Top-10 Pipeline A UNION Top-10 Pipeline B),2026-10-04
Q08,"RBI AND ""repo rate""",D03_P011_SEC_3_16_PAR001,3,D03,11,,1,the call rate operating target remained below the policy repo rate,single annotator: implementing author (Phase 4),pooled candidate set (Top-10 Pipeline A UNION Top-10 Pipeline B),2026-10-04
Q08,"RBI AND ""repo rate""",D20_P004_II_PAR001,2,D20,4,,1,RBI's cumulative 125 basis point repo rate reduction taking the policy rate to 5.25 per cent,single annotator: implementing author (Phase 4),pooled candidate set (Top-10 Pipeline A UNION Top-10 Pipeline B),2026-10-04
Q09,banking AND credit,D01_P027_SEC_1_34_PAR001,3,D01,27,,1,non-food credit growth and the shift away from bank credit,single annotator: implementing author (Phase 4),pooled candidate set (Top-10 Pipeline A UNION Top-10 Pipeline B),2026-10-04
Q09,banking AND credit,D03_P010_SEC_3_13_PAR001,7,D03,10,,1,bank deposits and bank credit to the commercial sector driving M3,single annotator: implementing author (Phase 4),pooled candidate set (Top-10 Pipeline A UNION Top-10 Pipeline B),2026-10-04
Q09,banking AND credit,D03_P014_SEC_3_24_PAR001,8,D03,14,,1,FY26 bank credit growth across major sectors,single annotator: implementing author (Phase 4),pooled candidate set (Top-10 Pipeline A UNION Top-10 Pipeline B),2026-10-04
Q09,banking AND credit,D03_P016_SEC_3_26_PAR001,9,D03,16,,1,bank credit to the MSME sector,single annotator: implementing author (Phase 4),pooled candidate set (Top-10 Pipeline A UNION Top-10 Pipeline B),2026-10-04
Q09,banking AND credit,D03_P017_SEC_3_31_PAR001,10,D03,17,,1,slowdown in bank credit growth offset by non-bank intermediation,single annotator: implementing author (Phase 4),pooled candidate set (Top-10 Pipeline A UNION Top-10 Pipeline B),2026-10-04
Q09,banking AND credit,D06_P017_SEC_6_23_PAR001,4,D06,17,,1,agricultural credit flows from commercial and regional rural banks,single annotator: implementing author (Phase 4),pooled candidate set (Top-10 Pipeline A UNION Top-10 Pipeline B),2026-10-04
Q09,banking AND credit,D06_P017_SEC_6_24_PAR001,2,D06,17,,1,"ground level credit disbursement, KCC balances and the bank-integrated Kisan Rin Portal",single annotator: implementing author (Phase 4),pooled candidate set (Top-10 Pipeline A UNION Top-10 Pipeline B),2026-10-04
Q09,banking AND credit,D08_P033_SEC_8_61_PAR001,5,D08,33,,1,formal credit access for MSMEs including commercial credit,single annotator: implementing author (Phase 4),pooled candidate set (Top-10 Pipeline A UNION Top-10 Pipeline B),2026-10-04
Q09,banking AND credit,D08_P037_SEC_8_67_PAR003,6,D08,37,,1,manual review relevance label=1,manual review,dual-pipeline pooled manual relevance judgment,2026-10-04
Q09,banking AND credit,D18_P002_II_PAR001,1,D18,2,,1,Scheduled Commercial Bank credit growth of 14.5 per cent year on year,single annotator: implementing author (Phase 4),pooled candidate set (Top-10 Pipeline A UNION Top-10 Pipeline B),2026-10-04
Q10,GDP OR GVA,D01_P009_SEC_1_8_PAR002,3,D01,9,,1,real GDP growth of 7.4 per cent and GVA growth of 7.3 per cent,single annotator: implementing author (Phase 4),pooled candidate set (Top-10 Pipeline A UNION Top-10 Pipeline B),2026-10-04
Q10,GDP OR GVA,D01_P015_SEC_1_19_PAR001,1,D01,15,,1,manufacturing's share in GVA and its relative price effects,single annotator: implementing author (Phase 4),pooled candidate set (Top-10 Pipeline A UNION Top-10 Pipeline B),2026-10-04
Q10,GDP OR GVA,D01_P017_SEC_1_24_PAR001,4,D01,17,,1,services GVA growth of 9.3 per cent and its rising share in GDP,single annotator: implementing author (Phase 4),pooled candidate set (Top-10 Pipeline A UNION Top-10 Pipeline B),2026-10-04
Q10,GDP OR GVA,D01_T002,5,D01,9,,1,supply-side and demand-side table reporting GVA at basic prices and GDP growth,single annotator: implementing author (Phase 4),pooled candidate set (Top-10 Pipeline A UNION Top-10 Pipeline B),2026-10-04
Q10,GDP OR GVA,D02_P003_SEC_2_4_PAR001,10,D02,3,,1,fiscal and revenue deficit as a proportion of GDP,single annotator: implementing author (Phase 4),pooled candidate set (Top-10 Pipeline A UNION Top-10 Pipeline B),2026-10-04
Q10,GDP OR GVA,D02_P004_SEC_2_7_PAR001,9,D02,4,,1,non-corporate tax collections as a share of GDP and buoyancy against nominal GDP,single annotator: implementing author (Phase 4),pooled candidate set (Top-10 Pipeline A UNION Top-10 Pipeline B),2026-10-04
Q10,GDP OR GVA,D02_P041_SEC_2_56_PAR002,8,D02,41,,1,manual review relevance label=1,manual review,dual-pipeline pooled manual relevance judgment,2026-10-04
Q10,GDP OR GVA,D05_P014_SEC_5_25_PAR001,2,D05,14,,1,sectoral price deflator derived as the ratio of nominal to real GVA,single annotator: implementing author (Phase 4),pooled candidate set (Top-10 Pipeline A UNION Top-10 Pipeline B),2026-10-04
Q10,GDP OR GVA,D07_P006_SEC_7_11_PAR001,6,D07,6,,1,services share in GDP and services GVA growth in H1 FY26,single annotator: implementing author (Phase 4),pooled candidate set (Top-10 Pipeline A UNION Top-10 Pipeline B),2026-10-04
Q10,GDP OR GVA,D08_P017_SEC_8_35_PAR001,7,D08,17,,1,apparel and textiles at 2 per cent of GDP and 11 per cent of manufacturing GVA,single annotator: implementing author (Phase 4),pooled candidate set (Top-10 Pipeline A UNION Top-10 Pipeline B),2026-10-04
Q11,inflation OR disinflation,D01_P024_SEC_1_29_PAR001,1,D01,24,,1,domestic inflation dynamics including sharp disinflation in food prices,single annotator: implementing author (Phase 4),pooled candidate set (Top-10 Pipeline A UNION Top-10 Pipeline B),2026-10-04
Q11,inflation OR disinflation,D05_P002_SEC_5_2_PAR001,10,D05,2,,1,"headline inflation outcomes for the US, euro area, UK and Japan",single annotator: implementing author (Phase 4),pooled candidate set (Top-10 Pipeline A UNION Top-10 Pipeline B),2026-10-04
Q11,inflation OR disinflation,D05_P005_SEC_5_7_PAR001,3,D05,5,,1,India's disinflation alongside robust GDP growth,single annotator: implementing author (Phase 4),pooled candidate set (Top-10 Pipeline A UNION Top-10 Pipeline B),2026-10-04
Q11,inflation OR disinflation,D05_P005_SEC_5_8_PAR001,4,D05,5,,1,CPI declining from 6.7 to 1.7 per cent; the pace of disinflation,single annotator: implementing author (Phase 4),pooled candidate set (Top-10 Pipeline A UNION Top-10 Pipeline B),2026-10-04
Q11,inflation OR disinflation,D05_P006_SEC_5_9_PAR001,5,D05,6,,1,the current disinflationary phase and the core inflation contrast,single annotator: implementing author (Phase 4),pooled candidate set (Top-10 Pipeline A UNION Top-10 Pipeline B),2026-10-04
Q11,inflation OR disinflation,D05_P007_SEC_5_9_PAR002,9,D05,7,,1,headline versus core inflation divergence and the underlying disinflation,single annotator: implementing author (Phase 4),pooled candidate set (Top-10 Pipeline A UNION Top-10 Pipeline B),2026-10-04
Q11,inflation OR disinflation,D05_P011_SEC_5_18_PAR001,8,D05,11,,1,"edible oil prices after sharp disinflation, and the customs duty response",single annotator: implementing author (Phase 4),pooled candidate set (Top-10 Pipeline A UNION Top-10 Pipeline B),2026-10-04
Q11,inflation OR disinflation,D05_P012_SEC_5_21_PAR001,7,D05,12,,1,core CPI components and signs of disinflation since Q2 of FY26,single annotator: implementing author (Phase 4),pooled candidate set (Top-10 Pipeline A UNION Top-10 Pipeline B),2026-10-04
Q11,inflation OR disinflation,D05_P013_SEC_5_22_PAR001,6,D05,13,,1,"component-level disinflation in clothing, footwear and transport",single annotator: implementing author (Phase 4),pooled candidate set (Top-10 Pipeline A UNION Top-10 Pipeline B),2026-10-04
Q11,inflation OR disinflation,D20_P004_II_PAR001,2,D20,4,,1,CPI inflation averaging 2.1 per cent; prolonged disinflation is the unit's point,single annotator: implementing author (Phase 4),pooled candidate set (Top-10 Pipeline A UNION Top-10 Pipeline B),2026-10-04
Q12,inflation AND NOT food,D01_T001,6,D01,2,,1,"table block carrying the inflation forecast revisions for AEs, EMDEs and global",single annotator: implementing author (Phase 4),pooled candidate set (Top-10 Pipeline A UNION Top-10 Pipeline B),2026-10-04
Q12,inflation AND NOT food,D05_P002_SEC_5_1_PAR001,7,D05,2,,1,global headline inflation moderation from the 2022 peak,single annotator: implementing author (Phase 4),pooled candidate set (Top-10 Pipeline A UNION Top-10 Pipeline B),2026-10-04
Q12,inflation AND NOT food,D05_P004_SEC_5_6_PAR001,4,D05,4,,1,cross-country inflation outcomes; inflation is its subject,single annotator: implementing author (Phase 4),pooled candidate set (Top-10 Pipeline A UNION Top-10 Pipeline B),2026-10-04
Q12,inflation AND NOT food,D05_P005_SEC_5_7_PAR001,8,D05,5,,1,India's headline inflation decline and inflation management,single annotator: implementing author (Phase 4),pooled candidate set (Top-10 Pipeline A UNION Top-10 Pipeline B),2026-10-04
Q12,inflation AND NOT food,D05_P007_SEC_5_9_PAR002,1,D05,7,,1,headline versus core inflation excluding food and fuel; inflation is its subject,single annotator: implementing author (Phase 4),pooled candidate set (Top-10 Pipeline A UNION Top-10 Pipeline B),2026-10-04
Q12,inflation AND NOT food,D05_P016_SEC_5_32_PAR001,5,D05,16,,1,state-level incidence of inflation within the RBI tolerance band,single annotator: implementing author (Phase 4),pooled candidate set (Top-10 Pipeline A UNION Top-10 Pipeline B),2026-10-04
Q12,inflation AND NOT food,D05_P018_SEC_5_33_PAR001,3,D05,18,,1,state-wise CPI inflation analysis; inflation is its subject,single annotator: implementing author (Phase 4),pooled candidate set (Top-10 Pipeline A UNION Top-10 Pipeline B),2026-10-04
Q12,inflation AND NOT food,D05_P019_SEC_5_35_PAR001,2,D05,19,,1,state-level inflation and its determinants; inflation is its subject,single annotator: implementing author (Phase 4),pooled candidate set (Top-10 Pipeline A UNION Top-10 Pipeline B),2026-10-04
Q12,inflation AND NOT food,D05_P020_SEC_5_36_PAR001,9,D05,20,,1,RBI and IMF headline inflation projections; inflation is its subject,single annotator: implementing author (Phase 4),pooled candidate set (Top-10 Pipeline A UNION Top-10 Pipeline B),2026-10-04
Q12,inflation AND NOT food,D20_T001,10,D20,5,,1,table pairs GDP growth with CPI and core inflation projections,single annotator: implementing author (Phase 4),pooled candidate set (Top-10 Pipeline A UNION Top-10 Pipeline B),2026-10-04
Q13,banking AND NOT insurance,D01_P026_SEC_1_33_PAR001,6,D01,26,,1,monetary support transmitted to the banking system; WALR and NPA ratios,single annotator: implementing author (Phase 4),pooled candidate set (Top-10 Pipeline A UNION Top-10 Pipeline B),2026-10-04
Q13,banking AND NOT insurance,D01_P027_SEC_1_34_PAR001,7,D01,27,,1,non-food credit growth and declining reliance on bank credit,single annotator: implementing author (Phase 4),pooled candidate set (Top-10 Pipeline A UNION Top-10 Pipeline B),2026-10-04
Q13,banking AND NOT insurance,D03_BOX023,2,D03,64,,1,"banking system stability, bank dominance of long-term financing and the role of NBFCs",single annotator: implementing author (Phase 4),pooled candidate set (Top-10 Pipeline A UNION Top-10 Pipeline B),2026-10-04
Q13,banking AND NOT insurance,D03_P001_UNKNOWN_PAR002,8,D03,1,,1,banking sector fundamentals and the MPC's policy transmission to lending rates,single annotator: implementing author (Phase 4),pooled candidate set (Top-10 Pipeline A UNION Top-10 Pipeline B),2026-10-04
Q13,banking AND NOT insurance,D03_P010_SEC_3_13_PAR001,1,D03,10,,1,aggregate deposits with banks and bank credit to the commercial sector,single annotator: implementing author (Phase 4),pooled candidate set (Top-10 Pipeline A UNION Top-10 Pipeline B),2026-10-04
Q13,banking AND NOT insurance,D03_P017_SEC_3_31_PAR001,9,D03,17,,1,slowdown in bank credit growth against non-bank intermediation,single annotator: implementing author (Phase 4),pooled candidate set (Top-10 Pipeline A UNION Top-10 Pipeline B),2026-10-04
Q13,banking AND NOT insurance,D03_P020_SEC_3_39_PAR001,10,D03,20,,1,"RBI consolidation of circulars into Master Directions applying to banks, RRBs and cooperative banks",single annotator: implementing author (Phase 4),pooled candidate set (Top-10 Pipeline A UNION Top-10 Pipeline B),2026-10-04
Q13,banking AND NOT insurance,D06_P017_SEC_6_23_PAR001,3,D06,17,,1,agricultural credit from commercial and regional rural banks under the Lead Bank Scheme,single annotator: implementing author (Phase 4),pooled candidate set (Top-10 Pipeline A UNION Top-10 Pipeline B),2026-10-04
Q13,banking AND NOT insurance,D06_P017_SEC_6_24_PAR001,4,D06,17,,1,"ground level credit, KCC and the Kisan Rin Portal integrating SCBs, RRBs and cooperative banks",single annotator: implementing author (Phase 4),pooled candidate set (Top-10 Pipeline A UNION Top-10 Pipeline B),2026-10-04
Q13,banking AND NOT insurance,D18_P002_II_PAR001,5,D18,2,,1,"Scheduled Commercial Bank credit growth, public versus private sector banks",single annotator: implementing author (Phase 4),pooled candidate set (Top-10 Pipeline A UNION Top-10 Pipeline B),2026-10-04
Q14,GDP AND investment,D01_P003_SEC_1_2_PAR002,8,D01,3,,1,US growth driven by AI investment accounting for nearly half of GDP growth,single annotator: implementing author (Phase 4),pooled candidate set (Top-10 Pipeline A UNION Top-10 Pipeline B),2026-10-04
Q14,GDP AND investment,D01_P012_SEC_1_12_PAR001,2,D01,12,,1,GFCF at 30.0 per cent and its share in GDP; investment is its subject,single annotator: implementing author (Phase 4),pooled candidate set (Top-10 Pipeline A UNION Top-10 Pipeline B),2026-10-04
Q14,GDP AND investment,D01_P025_SEC_1_31_PAR001,3,D01,25,,1,effective capex and the capital outlay target as a share of GDP,single annotator: implementing author (Phase 4),pooled candidate set (Top-10 Pipeline A UNION Top-10 Pipeline B),2026-10-04
Q14,GDP AND investment,D02_P026_SEC_2_40_PAR003,9,D02,26,,1,manual review relevance label=1,manual review,dual-pipeline pooled manual relevance judgment,2026-10-04
Q14,GDP AND investment,D02_P029_UNKNOWN_PAR002,6,D02,29,,0,"unit is about cash transfers and state fiscal space; investment appears only as a missing complement, GDP only as a deficit denominator",single annotator: implementing author (Phase 4),pooled candidate set (Top-10 Pipeline A UNION Top-10 Pipeline B),2026-10-04
Q14,GDP AND investment,D02_P041_SEC_2_56_PAR002,1,D02,41,,1,manual review relevance label=1,manual review,dual-pipeline pooled manual relevance judgment,2026-10-04
Q14,GDP AND investment,D02_T009,4,D02,40,,1,general government investment at 4 per cent of GDP against OECD peers,single annotator: implementing author (Phase 4),pooled candidate set (Top-10 Pipeline A UNION Top-10 Pipeline B),2026-10-04
Q14,GDP AND investment,D03_P041_SEC_3_73_PAR003,7,D03,41,,1,manual review relevance label=1,manual review,dual-pipeline pooled manual relevance judgment,2026-10-04
Q14,GDP AND investment,D08_BOX011,,D08,24,,1,R&D investment intensity as a percentage of GDP against leading economies,single annotator: implementing author (Phase 4),pooled candidate set (Top-10 Pipeline A UNION Top-10 Pipeline B),2026-10-04
Q14,GDP AND investment,D08_P031_SEC_8_57_PAR002,10,D08,31,,1,manual review relevance label=1,manual review,dual-pipeline pooled manual relevance judgment,2026-10-04
Q14,GDP AND investment,D20_T001,5,D20,5,,1,table reports real GDP growth and gross capital formation as a percentage of GDP,single annotator: implementing author (Phase 4),pooled candidate set (Top-10 Pipeline A UNION Top-10 Pipeline B),2026-10-04
Q15,(GDP OR GVA) AND policy,D01_P031_SEC_1_46_PAR001,8,D01,31,,1,policy reforms lifting medium-term growth potential and the real GDP growth projection,single annotator: implementing author (Phase 4),pooled candidate set (Top-10 Pipeline A UNION Top-10 Pipeline B),2026-10-04
Q15,(GDP OR GVA) AND policy,D02_P003_SEC_2_3_PAR001,9,D02,3,,1,fiscal policy credibility and the deficit target as a percentage of GDP,single annotator: implementing author (Phase 4),pooled candidate set (Top-10 Pipeline A UNION Top-10 Pipeline B),2026-10-04
Q15,(GDP OR GVA) AND policy,D02_P004_SEC_2_6_PAR001,1,D02,4,,1,revenue receipts as a share of GDP reflecting tax and administration policy,single annotator: implementing author (Phase 4),pooled candidate set (Top-10 Pipeline A UNION Top-10 Pipeline B),2026-10-04
Q15,(GDP OR GVA) AND policy,D02_P034_UNKNOWN_PAR001,10,D02,34,,1,reinstatement of the FRBM framework and the 3 per cent of GDP deficit target,single annotator: implementing author (Phase 4),pooled candidate set (Top-10 Pipeline A UNION Top-10 Pipeline B),2026-10-04
Q15,(GDP OR GVA) AND policy,D02_P034_UNKNOWN_PAR002,4,D02,34,,1,the new fiscal policy framework and the debt ratio and deficit targets relative to GDP,single annotator: implementing author (Phase 4),pooled candidate set (Top-10 Pipeline A UNION Top-10 Pipeline B),2026-10-04
Q15,(GDP OR GVA) AND policy,D03_P047_SEC_3_85_PAR006,2,D03,47,,1,GDP-denominated drivers of capital cost discussed with monetary policy shifts,single annotator: implementing author (Phase 4),pooled candidate set (Top-10 Pipeline A UNION Top-10 Pipeline B),2026-10-04
Q15,(GDP OR GVA) AND policy,D04_P006_SEC_4_13_PAR002,3,D04,6,,1,manual review relevance label=1,manual review,dual-pipeline pooled manual relevance judgment,2026-10-04
Q15,(GDP OR GVA) AND policy,D05_P001_UNKNOWN_PAR002,5,D05,1,,0,unit is the inflation chapter abstract; GDP and monetary policy appear only as context for the inflation outcome,single annotator: implementing author (Phase 4),pooled candidate set (Top-10 Pipeline A UNION Top-10 Pipeline B),2026-10-04
Q15,(GDP OR GVA) AND policy,D07_P011_SEC_7_17_PAR001,6,D07,11,,1,"services exports as a share of GDP, with policy uncertainty named as a cause",single annotator: implementing author (Phase 4),pooled candidate set (Top-10 Pipeline A UNION Top-10 Pipeline B),2026-10-04
Q15,(GDP OR GVA) AND policy,D12_P007_SEC_12_12_PAR001,7,D12,7,,0,unit is about female labour force participation; GDP is a passing mention and policy is a generic call to action,single annotator: implementing author (Phase 4),pooled candidate set (Top-10 Pipeline A UNION Top-10 Pipeline B),2026-10-04
Q04,monetary policy,D03_P011_SEC_3_16_PAR001,,D03,11,3.16,1,manual review relevance label=1,manual review,dual-pipeline pooled manual relevance judgment,2026-10-04
Q04,monetary policy,D03_P012_SEC_3_17_PAR001,,D03,12,3.17,1,manual review relevance label=1,manual review,dual-pipeline pooled manual relevance judgment,2026-10-04
Q06,current account deficit,D22_P025_SEC_4_5_3_PAR002,,D22,25,4.5.3,1,manual review relevance label=1,manual review,dual-pipeline pooled manual relevance judgment,2026-10-04
Q06,current account deficit,D20_T001,,D20,5,2.1.3,1,manual review relevance label=1,manual review,dual-pipeline pooled manual relevance judgment,2026-10-04
Q09,banking AND credit,D03_P021_SEC_3_41_PAR002,,D03,21,3.41,1,manual review relevance label=1,manual review,dual-pipeline pooled manual relevance judgment,2026-10-04
Q09,banking AND credit,D03_P031_SEC_3_52_PAR001,,D03,31,3.52,1,manual review relevance label=1,manual review,dual-pipeline pooled manual relevance judgment,2026-10-04
Q09,banking AND credit,D03_P011_SEC_3_16_PAR001,,D03,11,3.16,1,manual review relevance label=1,manual review,dual-pipeline pooled manual relevance judgment,2026-10-04
Q09,banking AND credit,D16_P002_SEC_16_1_PAR001,,D16,2,16.1,1,manual review relevance label=1,manual review,dual-pipeline pooled manual relevance judgment,2026-10-04
Q09,banking AND credit,D03_BOX023,,D03,64,UNKNOWN,1,manual review relevance label=1,manual review,dual-pipeline pooled manual relevance judgment,2026-10-04
Q09,banking AND credit,D03_T002,,D03,54,3.96,1,manual review relevance label=1,manual review,dual-pipeline pooled manual relevance judgment,2026-10-04
Q09,banking AND credit,D18_P001_UNKNOWN_PAR004,,D18,1,UNKNOWN,1,manual review relevance label=1,manual review,dual-pipeline pooled manual relevance judgment,2026-10-04
Q09,banking AND credit,D18_P003_VI_PAR005,,D18,3,VI,1,manual review relevance label=1,manual review,dual-pipeline pooled manual relevance judgment,2026-10-04
Q10,GDP OR GVA,D02_P004_SEC_2_6_PAR001,,D02,4,2.6,1,manual review relevance label=1,manual review,dual-pipeline pooled manual relevance judgment,2026-10-04
Q13,banking AND NOT insurance,D03_P009_SEC_3_11_PAR001,,D03,9,3.11,1,manual review relevance label=1,manual review,dual-pipeline pooled manual relevance judgment,2026-10-04
Q13,banking AND NOT insurance,D03_P010_SEC_3_14_PAR001,,D03,10,3.14,1,manual review relevance label=1,manual review,dual-pipeline pooled manual relevance judgment,2026-10-04
Q13,banking AND NOT insurance,D01_P032_SEC_1_PAR001,,D01,32,1,1,manual review relevance label=1,manual review,dual-pipeline pooled manual relevance judgment,2026-10-04
Q13,banking AND NOT insurance,D03_P011_SEC_3_16_PAR001,,D03,11,3.16,1,manual review relevance label=1,manual review,dual-pipeline pooled manual relevance judgment,2026-10-04
Q13,banking AND NOT insurance,D03_P013_SEC_3_19_PAR003,,D03,13,3.19,1,manual review relevance label=1,manual review,dual-pipeline pooled manual relevance judgment,2026-10-04
Q13,banking AND NOT insurance,D03_P013_SEC_3_20_PAR001,,D03,13,3.20,1,manual review relevance label=1,manual review,dual-pipeline pooled manual relevance judgment,2026-10-04
Q13,banking AND NOT insurance,D03_P002_SEC_3_1_PAR001,,D03,2,3.1,1,manual review relevance label=1,manual review,dual-pipeline pooled manual relevance judgment,2026-10-04
Q14,GDP AND investment,D09_P002_SEC_9_4_PAR001,,D09,2,9.4,1,manual review relevance label=1,manual review,dual-pipeline pooled manual relevance judgment,2026-10-04
Q15,(GDP OR GVA) AND policy,D02_P039_UNKNOWN_PAR002,,D02,39,UNKNOWN,1,manual review relevance label=1,manual review,dual-pipeline pooled manual relevance judgment,2026-10-04
