query_id,query_text,unit_id,document_id,source_id,filename,page_number,section_title,unit_type,full_original_unit_text,pipeline_a_rank,pipeline_b_rank
Q02,GDP,D02_P041_SEC_2_56_PAR002,D02,SRC01,echap02.pdf,41,CONCLUSION AND OUTLOOK,paragraph,"53 Share of general government investment in GNP by France, Japan, US and Italy was 3.4 per cent, 5 per cent, 3 per cent and 2.4 per cent, respectively (source: OECD Economic Survey – Japan 1972. https://tinyurl. com/2pf4a23u.)As per IMF’s public finances in modern history and World Bank’s world development indicators’ database, general government revenue to GDP ratios for OECD countries at middle-income per capita GDP levels (US$2,000-US$3,000 in current prices, comparable to India's current per capita GDP trajectory) typically ranged about 20 per cent to 28 per cent per cent of GDP during 1960-1985. For instance, France averaged 20-21 per cent in the late 1960s (per capita GDP US$2100-US$2800), Japan ˜22-23 per cent in the early 1970s (per capita GDP US$2100-US$3000); the US ˜28 per cent in 1960 (per capita GDP US$3000); Italy ˜29-30 per cent in early 1970s (per capita GDP US$2100-US$2700); and Portugal ˜23-25 per cent in the late 1970s (per capita GDP US$2000-US$2800).",1,1
Q04,monetary policy,D01_BOX001,D01,SRC01,echap01.pdf,5,GLOBAL ECONOMIC GROWTH – FRAGILE AND DIVERGING,box,"achieving strategic resilience and indispensability Over the past few years, ‘Economic Statecraft’, broadly defined as the deliberate use of  economic means to achieve strategic ends, has witnessed a rapid resurgence. This shift  reflects rising geopolitical competition, concerns over technological dominance and  vulnerabilities exposed in traditional global value chains. How does economic policy differ from economic statecraft? Economic policy employs  traditional instruments, including fiscal, monetary, and trade tools, to achieve economic  objectives such as reducing deficits, controlling inflation, and promoting economic growth.  Economic statecraft goes a step further by employing economic tools to achieve foreign  policy or national security objectives, such as compelling a country to stop hostilities with a  third party or to liberalise its markets. 5 Ibid 5 5",1,1
Q04,monetary policy,D03_P009_SEC_3_12_PAR001,D03,SRC01,echap03.pdf,9,MONETARY DEVELOPMENTS,paragraph,"3.12 The trends in the monetary aggregates reflect the impact of the RBI’s policy actions on the economy. As of 31 December 2025, the reserve money (M0) growth,23 i.e., the monetary base, stood at 2.9 per cent, compared to 4.9 per cent as of 27 December 2024. This declining trend does not signal a tightening of the liquidity conditions, since adjusted for the first-round impact of the change in the CRR,24 the M0 growth stood at 9.4 per cent, compared to 6.2 per cent a year ago. Therefore, the declining trend reflects",9,9
Q04,monetary policy,D17_P009_SEC_16_99_PAR003,D17,SRC01,echap16-2.pdf,9,Economic Survey 2025-26,paragraph,"By global standards, India’s RTI Act is relatively expansive. In the United States, internal personnel rules, inter-agency memos, and financial regulation reports are exempt from disclosure. Sweden protects fiscal and monetary policy, supervisory activities, and the economic interests of institutions under its secrecy provisions. The United Kingdom exempts policy formulation where disclosure may harm the public interest, with ministers retaining veto powers even against orders of courts or commissions. The World Bank similarly excludes deliberative information and administrative matters from its disclosure policy.",7,7
Q05,financial stability,D03_BOX023,D03,SRC01,echap03.pdf,64,CONCLUSION,box,"India’s aspiration to become a Viksit Bharat by mid-century demands a fundamental  rethinking of finance, not merely as funding, but as the architecture of economic  transformation. Finance, in its broader institutional and behavioural sense, governs how  effectively capital is mobilised, allocated, and sustained across the economy. It is the central  enabler. When finance builds trust, fosters competition, and enables innovation, it becomes  the catalyst of development. A nation does not develop by spending more but by expanding its productive base—enabling  firms to invest and scale, households to earn and save securely, and markets to channel  capital efficiently. This requires an enabling environment: rational taxation that supports  enterprise, regulators that foster competition, financial markets that deepen and diversify,  and administrative systems that operate transparently and promptly. Finance for Viksit  Bharat is therefore about shaping conditions that generate and deploy resources efficiently. Fostering certainty and predictability This requires tax systems that are simpler and service-oriented, dispute resolution that  is time-bound and fair, and the decriminalisation of technical offences. Regulators must  promote competition and innovation while safeguarding stability. Credit and capital  supply must move beyond bank dominance through deeper markets and modern financial  infrastructure. Administrative processes should be centred on timeliness, proportionality,  and citizen service. Recasting financial regulation Finance influences growth most visibly through regulation. Historically, India has placed  a premium on banking system stability. As a result, long-term financing channels. Banks  remain dominant, despite not being adequately equipped to finance infrastructure, energy  transition, and large manufacturing projects with long horizons. India’s development  aspirations require a diversified ecosystem where well-managed banks compete alongside  NBFCs, fintechs, and market-based lenders. Diversification distributes risk and builds  resilience, lessening vulnerability to shocks.",8,8
Q05,financial stability,D03_P002_SEC_3_3_PAR001,D03,SRC01,echap03.pdf,2,INTRODUCTION,paragraph,"3.3 This chapter outlines the trends in India’s financial sector against the backdrop of these global developments. The chapter begins with an exploration of trends in the global financial sector. Subsequently, the next section provides a comprehensive overview of key developments in the monetary sector in India. This is then followed by sections which cover various aspects of the financial sector, including banking, capital and debt markets, foreign portfolio investments, pensions, and insurance. In view of the agile responses demonstrated by regulators across the financial sector, the chapter places specific emphasis on regulatory achievements and on the role of financial sector regulators in maintaining stability while identifying areas requiring improvement. The chapter concludes with a financial sector outlook, highlighting the key challenges that lie ahead.",4,4
Q05,financial stability,D03_P063_UNKNOWN_PAR005,D03,SRC01,echap03.pdf,63,CONCLUSION,paragraph,"3.132 In today’s era, India’s financial sector regulators must walk the tightrope to balance growth with stability. They must strike a balance between openness to global capital flows and the need to insulate the domestic economy from volatile external shocks. Moreover, given India's heterogeneous financial landscape, where sophisticated metropolitan markets coexist alongside underserved rural segments, regulators must exercise differentiated supervision: a shorter leash for emerging or fragile segments prone to excessive risk-taking and greater latitude for mature markets. In this context, so far, India's financial sector regulators have managed the balancing act deftly. Box III.11 discusses how the regulatory system must evolve towards proportionality, contestability, and risk-appropriate supervision without compromising stability.",10,10
Q06,current account deficit,D02_BOX017,D02,SRC01,echap02.pdf,34,Central Government Debt,box,"In the year of the pandemic, the fiscal deficit of the Central Government reached 9.2 per  cent of GDP, partly on account of pandemic-related and induced expenditure and to a  determination to bring below-the-line budget expenditures above the line. It also aimed to  draw a line under such practices in the future. At the time, the finance minister committed  to reducing the Central Government’s fiscal deficit ratio by at least half in five years. The  government has targeted a fiscal deficit of 4.4 per cent for FY26 and is on course to achieve  it, thus fulfilling the commitment made in FY21. It is noteworthy that the government was  determined to and succeeded in bringing down the fiscal deficit ratio as promised, despite  it not being a legislative target, even while improving the quality of fiscal expenditure with  a concurrent emphasis on capital expenditure. Among other things, the conservative and  prudent approach to fiscal management, which enhanced fiscal credibility, led to India’s  sovereign rating upgrades by several credit rating agencies in FY26. In the FY26 budget announced in February 2025, the government outlined a new fiscal  glide path, aiming to reduce the Central Government’s debt-to-GDP ratio to around 50 per  cent by FY31. The choice of the debt-to-GDP ratio as the fiscal anchor was consistent with  global thinking. It was also considered a more reliable measure of the government’s fiscal  performance, as it captures the cumulative effect of past and current fiscal decisions.",1,1
Q06,current account deficit,D02_P003_SEC_2_4_PAR001,D02,SRC01,echap02.pdf,3,CENTRAL GOVERNMENT FINANCES,paragraph,"2.4 Accordingly, the fiscal deficit declined from 9.2 per cent of GDP in FY21 to 4.8 per cent of GDP in FY25 [Provisional Accounts, (PA)] and is budgeted at 4.4 per cent of GDP in FY26 (Chart II.1). Over the same period, the revenue deficit as a proportion of GDP has narrowed steadily, reaching its lowest level since FY09, thereby leaving a greater allocation for capex (Chart II.2) and reflecting a sustained improvement in the quality of expenditure. The decline in the primary deficit-to-GDP ratio1 during this period (Chart II.1), further indicates that fresh borrowings are now increasingly being used to service past interest obligations rather than to finance current spending.",4,4
Q06,current account deficit,D02_P023_UNKNOWN_PAR001,D02,SRC01,echap02.pdf,23,Fiscal Developments,paragraph,"and employees’) that they deposit under the National Pension System (NPS) with the designated authority (NSDL or the trustee bank). For FY26, this translates into an additional borrowing space of ₹69,769 crore (as of November 17, 2025). This additional borrowing is intended to address the divergence in pension accounting across States, whereby those following a ‘pay-as-you-go’ system report lower fiscal deficits, as their future pension liabilities are not explicitly reflected, whereas states following the NPS incur a current expenditure that enlarges their fiscal deficit.",5,5
Q06,current account deficit,D04_P028_SEC_4_61_PAR001,D04,SRC01,echap04.pdf,28,INDIA’S BALANCE OF PAYMENTS,paragraph,"4.61 India’s current account structure reflects a merchandise trade deficit offset by strong net inflows of invisibles, led by rising surpluses in services and private transfers (Chart IV.12). The services surplus has expanded steadily, driven by India’s growing",7,7
Q06,current account deficit,D04_P028_SEC_4_62_PAR001,D04,SRC01,echap04.pdf,28,INDIA’S BALANCE OF PAYMENTS,paragraph,"4.62 Countries with sizeable current account surpluses tend to be export-driven, while deficits are common in import-heavy economies. Major surplus economies such as Singapore and Germany run substantial trade surpluses in high-value manufacturing and related sectors.68,69 Comparing India’s CAD with that of other countries in Q2 FY26, India's modest deficit of about 1.3 per cent of GDP places it among economies with modest and sustainable deficits. It is better positioned than its high-deficit peers, such",2,2
Q09,banking AND credit,D08_P037_SEC_8_67_PAR003,D08,SRC01,echap08.pdf,37,Design,paragraph,"This expansion in credit availability has also been accompanied by a gradual shift towards formal financing channels, which is a welcome trend. The share of unincorporated manufacturing establishments accessing formal sources of credit rose from 48 per cent in 2021–22 to 51 per cent in 2023–24. Chart VIII.26 further illustrates this transition, showing a 6-percentage-point increase in borrowing from commercial banks between 2021–22 and 2023–24, alongside a 3-percentage-point decline each in reliance on informal lenders. These developments have been possible due to sustained Government efforts to broaden financial inclusion and strengthen the MSME credit ecosystem. Initiatives such as the Pradhan Mantri Jan Dhan Yojana, credit guarantee frameworks, interest subvention schemes, and the MUDRA Yojana have played a significant role in expanding banking outreach and improving access to formal credit for unincorporated enterprises.",6,6
Q10,GDP OR GVA,D02_P041_SEC_2_56_PAR002,D02,SRC01,echap02.pdf,41,CONCLUSION AND OUTLOOK,paragraph,"53 Share of general government investment in GNP by France, Japan, US and Italy was 3.4 per cent, 5 per cent, 3 per cent and 2.4 per cent, respectively (source: OECD Economic Survey – Japan 1972. https://tinyurl. com/2pf4a23u.)As per IMF’s public finances in modern history and World Bank’s world development indicators’ database, general government revenue to GDP ratios for OECD countries at middle-income per capita GDP levels (US$2,000-US$3,000 in current prices, comparable to India's current per capita GDP trajectory) typically ranged about 20 per cent to 28 per cent per cent of GDP during 1960-1985. For instance, France averaged 20-21 per cent in the late 1960s (per capita GDP US$2100-US$2800), Japan ˜22-23 per cent in the early 1970s (per capita GDP US$2100-US$3000); the US ˜28 per cent in 1960 (per capita GDP US$3000); Italy ˜29-30 per cent in early 1970s (per capita GDP US$2100-US$2700); and Portugal ˜23-25 per cent in the late 1970s (per capita GDP US$2000-US$2800).",8,8
Q14,GDP AND investment,D02_P026_SEC_2_40_PAR003,D02,SRC01,echap02.pdf,26,Notes:,paragraph,"SASCI has played a stabilising role in sustaining State capital expenditure amid pressures on the revenue account. The overall capital outlay of States increased from 2.17 per cent of GDP in FY22 to 2.37 per cent in FY25(PA); however, excluding SASCI-linked capital spending, States’ capex declined from 2.11 per cent to 1.92 per cent of GDP over the same period. The scheme has therefore helped States avoid a pro-cyclical compression of public investment. States with lower per capita incomes have relied more heavily on SASCI to finance capital outlay, reaffirming its role in supporting fiscally constrained States to achieve convergence with the high-income",9,9
Q14,GDP AND investment,D02_P041_SEC_2_56_PAR002,D02,SRC01,echap02.pdf,41,CONCLUSION AND OUTLOOK,paragraph,"53 Share of general government investment in GNP by France, Japan, US and Italy was 3.4 per cent, 5 per cent, 3 per cent and 2.4 per cent, respectively (source: OECD Economic Survey – Japan 1972. https://tinyurl. com/2pf4a23u.)As per IMF’s public finances in modern history and World Bank’s world development indicators’ database, general government revenue to GDP ratios for OECD countries at middle-income per capita GDP levels (US$2,000-US$3,000 in current prices, comparable to India's current per capita GDP trajectory) typically ranged about 20 per cent to 28 per cent per cent of GDP during 1960-1985. For instance, France averaged 20-21 per cent in the late 1960s (per capita GDP US$2100-US$2800), Japan ˜22-23 per cent in the early 1970s (per capita GDP US$2100-US$3000); the US ˜28 per cent in 1960 (per capita GDP US$3000); Italy ˜29-30 per cent in early 1970s (per capita GDP US$2100-US$2700); and Portugal ˜23-25 per cent in the late 1970s (per capita GDP US$2000-US$2800).",1,1
Q14,GDP AND investment,D03_P041_SEC_3_73_PAR003,D03,SRC01,echap03.pdf,41,Conclusion,paragraph,"Retail engagement with corporate bonds and debt-oriented investment products remains limited, resulting in debt securities comprising a small portion of household financial assets. This limited participation of households in market-based debt instruments is mirrored in the overall shallow depth of India’s corporate bond market. India’s corporate bond market remains underdeveloped, accounting for around 16-17 per cent of GDP, compared with the equity market capitalisation of over 130 per cent of GDP. This is substantially lower than in major peer economies, such as the United States and China, where corporate bond markets constitute approximately 40 per cent and 36 per cent of GDP, as of 2024, respectively.",7,7
Q14,GDP AND investment,D08_P031_SEC_8_57_PAR002,D08,SRC01,echap08.pdf,31,Design,paragraph,"India’s ambition to emerge as a globally competitive industrial hub will critically depend on the strength and scale of its industrial clusters. Evidence from across the world shows that high-performing clusters are not just contributors to industrial activity; they are central to a nation’s export growth, attracting foreign investment, driving innovation and enhancing productivity. Countries that have successfully integrated into GVCs, starting from China, Vietnam to South Korea, all have done so through a small number of highly competitive, globally connected clusters that combine economic density with institutional agility. China’s Greater Bay Area, for example, generates 35 per cent of national exports and 11 per cent of GDP while occupying less than 1 per cent of land. Vietnam’s two key economic regions contribute nearly two-thirds of GDP and trade within just 11 per cent of its land area. These examples highlight a consistent pattern: industrial activity needs concentration, connectivity, and a local environment that grants the freedom to compete and innovate.55",10,
Q15,(GDP OR GVA) AND policy,D04_P006_SEC_4_13_PAR002,D04,SRC01,echap04.pdf,6,GLOBAL TRADE DYNAMICS,paragraph,10 The Global Economic Policy Uncertainty (GEPU) Index is a GDP-weighted average of national Economic Policy Uncertainty (EPU) indices for 18 countries. The GDP for each country has been calculated based on purchasing power parity (PPP). Each monthly national EPU index value is proportional to the share of own-country newspaper articles that discuss economic policy uncertainty in that month. The 18 countries covered in the GEPU Index account for approximately 68 per cent of global output on a PPP-adjusted basis and 75 per cent of global output when calculated at market exchange rates as of 2024.,3,3
